\BOOKMARK [0][-]{chapter.1}{\376\377\000W\000h\000e\000n\000\040\000t\000o\000\040\000S\000e\000e\000k\000\040\000E\000m\000e\000r\000g\000e\000n\000c\000y\000\040\000M\000e\000d\000i\000c\000a\000l\000\040\000C\000a\000r\000e}{}% 1
\BOOKMARK [0][-]{chapter.2}{\376\377\000A\000b\000d\000o\000m\000i\000n\000a\000l\000\040\000P\000a\000i\000n}{}% 2
\BOOKMARK [0][-]{chapter.3}{\376\377\000A\000b\000s\000c\000e\000s\000s\000\040\000\050\000S\000k\000i\000n\000\040\000A\000b\000s\000c\000e\000s\000s\000\051}{}% 3
\BOOKMARK [1][-]{section.3.1}{\376\377\000D\000e\000f\000i\000n\000i\000t\000i\000o\000n}{chapter.3}% 4
\BOOKMARK [1][-]{section.3.2}{\376\377\000P\000a\000t\000h\000o\000p\000h\000y\000s\000i\000o\000l\000o\000g\000y}{chapter.3}% 5
\BOOKMARK [1][-]{section.3.3}{\376\377\000E\000t\000i\000o\000l\000o\000g\000y}{chapter.3}% 6
\BOOKMARK [1][-]{section.3.4}{\376\377\000I\000n\000d\000i\000c\000a\000t\000i\000o\000n\000s\000\040\000f\000o\000r\000\040\000E\000v\000a\000l\000u\000a\000t\000i\000o\000n}{chapter.3}% 7
\BOOKMARK [1][-]{section.3.5}{\376\377\000R\000e\000l\000a\000t\000e\000d\000\040\000S\000y\000m\000p\000t\000o\000m\000s}{chapter.3}% 8
\BOOKMARK [1][-]{section.3.6}{\376\377\000S\000e\000l\000f\000-\000C\000a\000r\000e\000/\000H\000o\000m\000e\000\040\000M\000a\000n\000a\000g\000e\000m\000e\000n\000t}{chapter.3}% 9
\BOOKMARK [1][-]{section.3.7}{\376\377\000D\000i\000a\000g\000n\000o\000s\000t\000i\000c\000\040\000A\000p\000p\000r\000o\000a\000c\000h}{chapter.3}% 10
\BOOKMARK [1][-]{section.3.8}{\376\377\000T\000r\000e\000a\000t\000m\000e\000n\000t\000/\000M\000a\000n\000a\000g\000e\000m\000e\000n\000t\000\040\000O\000v\000e\000r\000v\000i\000e\000w}{chapter.3}% 11
\BOOKMARK [0][-]{chapter.4}{\376\377\000A\000c\000n\000e}{}% 12
\BOOKMARK [0][-]{chapter.5}{\376\377\000A\000d\000d\000i\000c\000t\000i\000o\000n\000\040\000W\000i\000t\000h\000d\000r\000a\000w\000a\000l}{}% 13
\BOOKMARK [0][-]{chapter.6}{\376\377\000A\000l\000l\000e\000r\000g\000i\000c\000\040\000R\000e\000a\000c\000t\000i\000o\000n}{}% 14
\BOOKMARK [1][-]{section.6.1}{\376\377\000D\000e\000f\000i\000n\000i\000t\000i\000o\000n}{chapter.6}% 15
\BOOKMARK [1][-]{section.6.2}{\376\377\000P\000a\000t\000h\000o\000p\000h\000y\000s\000i\000o\000l\000o\000g\000y}{chapter.6}% 16
\BOOKMARK [1][-]{section.6.3}{\376\377\000E\000t\000i\000o\000l\000o\000g\000y}{chapter.6}% 17
\BOOKMARK [1][-]{section.6.4}{\376\377\000I\000n\000d\000i\000c\000a\000t\000i\000o\000n\000s\000\040\000f\000o\000r\000\040\000E\000v\000a\000l\000u\000a\000t\000i\000o\000n}{chapter.6}% 18
\BOOKMARK [1][-]{section.6.5}{\376\377\000R\000e\000l\000a\000t\000e\000d\000\040\000S\000y\000m\000p\000t\000o\000m\000s}{chapter.6}% 19
\BOOKMARK [1][-]{section.6.6}{\376\377\000S\000e\000l\000f\000-\000C\000a\000r\000e\000/\000H\000o\000m\000e\000\040\000M\000a\000n\000a\000g\000e\000m\000e\000n\000t}{chapter.6}% 20
\BOOKMARK [1][-]{section.6.7}{\376\377\000D\000i\000a\000g\000n\000o\000s\000t\000i\000c\000\040\000A\000p\000p\000r\000o\000a\000c\000h}{chapter.6}% 21
\BOOKMARK [1][-]{section.6.8}{\376\377\000T\000r\000e\000a\000t\000m\000e\000n\000t\000/\000M\000a\000n\000a\000g\000e\000m\000e\000n\000t\000\040\000O\000v\000e\000r\000v\000i\000e\000w}{chapter.6}% 22
\BOOKMARK [0][-]{chapter.7}{\376\377\000A\000m\000e\000n\000o\000r\000r\000h\000e\000a\000\040\000\050\000A\000b\000s\000e\000n\000c\000e\000\040\000o\000f\000\040\000M\000e\000n\000s\000t\000r\000u\000a\000t\000i\000o\000n\000\051}{}% 23
\BOOKMARK [1][-]{section.7.1}{\376\377\000D\000e\000f\000i\000n\000i\000t\000i\000o\000n}{chapter.7}% 24
\BOOKMARK [1][-]{section.7.2}{\376\377\000P\000a\000t\000h\000o\000p\000h\000y\000s\000i\000o\000l\000o\000g\000y}{chapter.7}% 25
\BOOKMARK [1][-]{section.7.3}{\376\377\000E\000t\000i\000o\000l\000o\000g\000y}{chapter.7}% 26
\BOOKMARK [1][-]{section.7.4}{\376\377\000I\000n\000d\000i\000c\000a\000t\000i\000o\000n\000s\000\040\000f\000o\000r\000\040\000E\000v\000a\000l\000u\000a\000t\000i\000o\000n}{chapter.7}% 27
\BOOKMARK [1][-]{section.7.5}{\376\377\000R\000e\000l\000a\000t\000e\000d\000\040\000S\000y\000m\000p\000t\000o\000m\000s}{chapter.7}% 28
\BOOKMARK [1][-]{section.7.6}{\376\377\000S\000e\000l\000f\000-\000C\000a\000r\000e\000/\000H\000o\000m\000e\000\040\000M\000a\000n\000a\000g\000e\000m\000e\000n\000t}{chapter.7}% 29
\BOOKMARK [1][-]{section.7.7}{\376\377\000D\000i\000a\000g\000n\000o\000s\000t\000i\000c\000\040\000A\000p\000p\000r\000o\000a\000c\000h}{chapter.7}% 30
\BOOKMARK [1][-]{section.7.8}{\376\377\000T\000r\000e\000a\000t\000m\000e\000n\000t\000/\000M\000a\000n\000a\000g\000e\000m\000e\000n\000t\000\040\000O\000v\000e\000r\000v\000i\000e\000w}{chapter.7}% 31
\BOOKMARK [0][-]{chapter.8}{\376\377\000A\000n\000a\000l\000\040\000I\000t\000c\000h\000i\000n\000g\000\040\000\050\000P\000r\000u\000r\000i\000t\000u\000s\000\040\000A\000n\000i\000\051}{}% 32
\BOOKMARK [1][-]{section.8.1}{\376\377\000D\000e\000f\000i\000n\000i\000t\000i\000o\000n}{chapter.8}% 33
\BOOKMARK [1][-]{section.8.2}{\376\377\000P\000a\000t\000h\000o\000p\000h\000y\000s\000i\000o\000l\000o\000g\000y}{chapter.8}% 34
\BOOKMARK [1][-]{section.8.3}{\376\377\000E\000t\000i\000o\000l\000o\000g\000y}{chapter.8}% 35
\BOOKMARK [1][-]{section.8.4}{\376\377\000I\000n\000d\000i\000c\000a\000t\000i\000o\000n\000s\000\040\000f\000o\000r\000\040\000E\000v\000a\000l\000u\000a\000t\000i\000o\000n}{chapter.8}% 36
\BOOKMARK [1][-]{section.8.5}{\376\377\000R\000e\000l\000a\000t\000e\000d\000\040\000S\000y\000m\000p\000t\000o\000m\000s}{chapter.8}% 37
\BOOKMARK [1][-]{section.8.6}{\376\377\000S\000e\000l\000f\000-\000C\000a\000r\000e\000/\000H\000o\000m\000e\000\040\000M\000a\000n\000a\000g\000e\000m\000e\000n\000t}{chapter.8}% 38
\BOOKMARK [1][-]{section.8.7}{\376\377\000D\000i\000a\000g\000n\000o\000s\000t\000i\000c\000\040\000A\000p\000p\000r\000o\000a\000c\000h}{chapter.8}% 39
\BOOKMARK [1][-]{section.8.8}{\376\377\000T\000r\000e\000a\000t\000m\000e\000n\000t\000/\000M\000a\000n\000a\000g\000e\000m\000e\000n\000t\000\040\000O\000v\000e\000r\000v\000i\000e\000w}{chapter.8}% 40
\BOOKMARK [0][-]{chapter.9}{\376\377\000A\000n\000a\000l\000\040\000P\000a\000i\000n}{}% 41
\BOOKMARK [0][-]{chapter.10}{\376\377\000A\000n\000e\000m\000i\000a}{}% 42
\BOOKMARK [1][-]{section.10.1}{\376\377\000D\000e\000f\000i\000n\000i\000t\000i\000o\000n}{chapter.10}% 43
\BOOKMARK [1][-]{section.10.2}{\376\377\000P\000a\000t\000h\000o\000p\000h\000y\000s\000i\000o\000l\000o\000g\000y}{chapter.10}% 44
\BOOKMARK [1][-]{section.10.3}{\376\377\000E\000t\000i\000o\000l\000o\000g\000y}{chapter.10}% 45
\BOOKMARK [1][-]{section.10.4}{\376\377\000I\000n\000d\000i\000c\000a\000t\000i\000o\000n\000s\000\040\000f\000o\000r\000\040\000E\000v\000a\000l\000u\000a\000t\000i\000o\000n}{chapter.10}% 46
\BOOKMARK [1][-]{section.10.5}{\376\377\000R\000e\000l\000a\000t\000e\000d\000\040\000S\000y\000m\000p\000t\000o\000m\000s}{chapter.10}% 47
\BOOKMARK [1][-]{section.10.6}{\376\377\000S\000e\000l\000f\000-\000C\000a\000r\000e\000/\000H\000o\000m\000e\000\040\000M\000a\000n\000a\000g\000e\000m\000e\000n\000t}{chapter.10}% 48
\BOOKMARK [1][-]{section.10.7}{\376\377\000D\000i\000a\000g\000n\000o\000s\000t\000i\000c\000\040\000A\000p\000p\000r\000o\000a\000c\000h}{chapter.10}% 49
\BOOKMARK [1][-]{section.10.8}{\376\377\000T\000r\000e\000a\000t\000m\000e\000n\000t\000/\000M\000a\000n\000a\000g\000e\000m\000e\000n\000t\000\040\000O\000v\000e\000r\000v\000i\000e\000w}{chapter.10}% 50
\BOOKMARK [0][-]{chapter.11}{\376\377\000A\000n\000h\000e\000d\000o\000n\000i\000a\000\040\000\050\000L\000o\000s\000s\000\040\000o\000f\000\040\000I\000n\000t\000e\000r\000e\000s\000t\000\051}{}% 51
\BOOKMARK [0][-]{chapter.12}{\376\377\000A\000n\000i\000m\000a\000l\000\040\000B\000i\000t\000e\000s}{}% 52
\BOOKMARK [1][-]{section.12.1}{\376\377\000D\000e\000f\000i\000n\000i\000t\000i\000o\000n}{chapter.12}% 53
\BOOKMARK [1][-]{section.12.2}{\376\377\000P\000a\000t\000h\000o\000p\000h\000y\000s\000i\000o\000l\000o\000g\000y}{chapter.12}% 54
\BOOKMARK [1][-]{section.12.3}{\376\377\000E\000t\000i\000o\000l\000o\000g\000y}{chapter.12}% 55
\BOOKMARK [1][-]{section.12.4}{\376\377\000I\000n\000d\000i\000c\000a\000t\000i\000o\000n\000s\000\040\000f\000o\000r\000\040\000E\000v\000a\000l\000u\000a\000t\000i\000o\000n}{chapter.12}% 56
\BOOKMARK [1][-]{section.12.5}{\376\377\000R\000e\000l\000a\000t\000e\000d\000\040\000S\000y\000m\000p\000t\000o\000m\000s}{chapter.12}% 57
\BOOKMARK [1][-]{section.12.6}{\376\377\000S\000e\000l\000f\000-\000C\000a\000r\000e\000/\000H\000o\000m\000e\000\040\000M\000a\000n\000a\000g\000e\000m\000e\000n\000t}{chapter.12}% 58
\BOOKMARK [1][-]{section.12.7}{\376\377\000D\000i\000a\000g\000n\000o\000s\000t\000i\000c\000\040\000A\000p\000p\000r\000o\000a\000c\000h}{chapter.12}% 59
\BOOKMARK [1][-]{section.12.8}{\376\377\000T\000r\000e\000a\000t\000m\000e\000n\000t\000/\000M\000a\000n\000a\000g\000e\000m\000e\000n\000t\000\040\000O\000v\000e\000r\000v\000i\000e\000w}{chapter.12}% 60
\BOOKMARK [0][-]{chapter.13}{\376\377\000A\000n\000k\000l\000e\000\040\000P\000a\000i\000n}{}% 61
\BOOKMARK [0][-]{chapter.14}{\376\377\000A\000n\000x\000i\000e\000t\000y}{}% 62
\BOOKMARK [0][-]{chapter.15}{\376\377\000A\000r\000m\000\040\000P\000a\000i\000n}{}% 63
\BOOKMARK [0][-]{chapter.16}{\376\377\000A\000s\000c\000i\000t\000e\000s\000\040\000\050\000A\000b\000d\000o\000m\000i\000n\000a\000l\000\040\000F\000l\000u\000i\000d\000\040\000A\000c\000c\000u\000m\000u\000l\000a\000t\000i\000o\000n\000\051}{}% 64
\BOOKMARK [1][-]{section.16.1}{\376\377\000D\000e\000f\000i\000n\000i\000t\000i\000o\000n}{chapter.16}% 65
\BOOKMARK [1][-]{section.16.2}{\376\377\000P\000a\000t\000h\000o\000p\000h\000y\000s\000i\000o\000l\000o\000g\000y}{chapter.16}% 66
\BOOKMARK [1][-]{section.16.3}{\376\377\000E\000t\000i\000o\000l\000o\000g\000y}{chapter.16}% 67
\BOOKMARK [1][-]{section.16.4}{\376\377\000I\000n\000d\000i\000c\000a\000t\000i\000o\000n\000s\000\040\000f\000o\000r\000\040\000E\000v\000a\000l\000u\000a\000t\000i\000o\000n}{chapter.16}% 68
\BOOKMARK [1][-]{section.16.5}{\376\377\000R\000e\000l\000a\000t\000e\000d\000\040\000S\000y\000m\000p\000t\000o\000m\000s}{chapter.16}% 69
\BOOKMARK [1][-]{section.16.6}{\376\377\000S\000e\000l\000f\000-\000C\000a\000r\000e\000/\000H\000o\000m\000e\000\040\000M\000a\000n\000a\000g\000e\000m\000e\000n\000t}{chapter.16}% 70
\BOOKMARK [1][-]{section.16.7}{\376\377\000D\000i\000a\000g\000n\000o\000s\000t\000i\000c\000\040\000A\000p\000p\000r\000o\000a\000c\000h}{chapter.16}% 71
\BOOKMARK [1][-]{section.16.8}{\376\377\000T\000r\000e\000a\000t\000m\000e\000n\000t\000/\000M\000a\000n\000a\000g\000e\000m\000e\000n\000t\000\040\000O\000v\000e\000r\000v\000i\000e\000w}{chapter.16}% 72
\BOOKMARK [0][-]{chapter.17}{\376\377\000B\000a\000c\000k\000\040\000P\000a\000i\000n}{}% 73
\BOOKMARK [0][-]{chapter.18}{\376\377\000B\000a\000d\000\040\000B\000r\000e\000a\000t\000h\000\040\000\050\000H\000a\000l\000i\000t\000o\000s\000i\000s\000\051}{}% 74
\BOOKMARK [0][-]{chapter.19}{\376\377\000B\000a\000d\000\040\000T\000a\000s\000t\000e\000\040\000i\000n\000\040\000t\000h\000e\000\040\000M\000o\000u\000t\000h\000\040\000\050\000D\000y\000s\000g\000e\000u\000s\000i\000a\000\051}{}% 75
\BOOKMARK [0][-]{chapter.20}{\376\377\000B\000e\000d\000w\000e\000t\000t\000i\000n\000g\000\040\000\050\000N\000o\000c\000t\000u\000r\000n\000a\000l\000\040\000E\000n\000u\000r\000e\000s\000i\000s\000\051}{}% 76
\BOOKMARK [1][-]{section.20.1}{\376\377\000D\000e\000f\000i\000n\000i\000t\000i\000o\000n}{chapter.20}% 77
\BOOKMARK [1][-]{section.20.2}{\376\377\000P\000a\000t\000h\000o\000p\000h\000y\000s\000i\000o\000l\000o\000g\000y}{chapter.20}% 78
\BOOKMARK [1][-]{section.20.3}{\376\377\000E\000t\000i\000o\000l\000o\000g\000y}{chapter.20}% 79
\BOOKMARK [1][-]{section.20.4}{\376\377\000I\000n\000d\000i\000c\000a\000t\000i\000o\000n\000s\000\040\000f\000o\000r\000\040\000E\000v\000a\000l\000u\000a\000t\000i\000o\000n}{chapter.20}% 80
\BOOKMARK [1][-]{section.20.5}{\376\377\000R\000e\000l\000a\000t\000e\000d\000\040\000S\000y\000m\000p\000t\000o\000m\000s}{chapter.20}% 81
\BOOKMARK [1][-]{section.20.6}{\376\377\000S\000e\000l\000f\000-\000C\000a\000r\000e\000/\000H\000o\000m\000e\000\040\000M\000a\000n\000a\000g\000e\000m\000e\000n\000t}{chapter.20}% 82
\BOOKMARK [1][-]{section.20.7}{\376\377\000D\000i\000a\000g\000n\000o\000s\000t\000i\000c\000\040\000A\000p\000p\000r\000o\000a\000c\000h}{chapter.20}% 83
\BOOKMARK [1][-]{section.20.8}{\376\377\000T\000r\000e\000a\000t\000m\000e\000n\000t\000/\000M\000a\000n\000a\000g\000e\000m\000e\000n\000t\000\040\000O\000v\000e\000r\000v\000i\000e\000w}{chapter.20}% 84
\BOOKMARK [0][-]{chapter.21}{\376\377\000B\000e\000n\000t\000\040\000P\000e\000n\000i\000s\000\040\000\050\000P\000e\000y\000r\000o\000n\000i\000e\000\040\000D\000i\000s\000e\000a\000s\000e\000\051}{}% 85
\BOOKMARK [0][-]{chapter.22}{\376\377\000B\000l\000a\000c\000k\000\040\000E\000y\000e\000\040\000\050\000P\000e\000r\000i\000o\000r\000b\000i\000t\000a\000l\000\040\000E\000c\000c\000h\000y\000m\000o\000s\000i\000s\000\051}{}% 86
\BOOKMARK [0][-]{chapter.23}{\376\377\000B\000l\000e\000e\000d\000i\000n\000g\000\040\000A\000f\000t\000e\000r\000\040\000V\000a\000g\000i\000n\000a\000l\000\040\000S\000e\000x\000\040\000\050\000P\000o\000s\000t\000c\000o\000i\000t\000a\000l\000\040\000B\000l\000e\000e\000d\000i\000n\000g\000\051}{}% 87
\BOOKMARK [0][-]{chapter.24}{\376\377\000B\000l\000e\000e\000d\000i\000n\000g\000\040\000B\000e\000t\000w\000e\000e\000n\000\040\000P\000e\000r\000i\000o\000d\000s\000\040\000\050\000S\000p\000o\000t\000t\000i\000n\000g\000\051}{}% 88
\BOOKMARK [0][-]{chapter.25}{\376\377\000B\000l\000e\000e\000d\000i\000n\000g\000\040\000D\000u\000r\000i\000n\000g\000\040\000P\000r\000e\000g\000n\000a\000n\000c\000y}{}% 89
\BOOKMARK [0][-]{chapter.26}{\376\377\000B\000l\000o\000a\000t\000i\000n\000g}{}% 90
\BOOKMARK [0][-]{chapter.27}{\376\377\000B\000l\000o\000o\000d\000\040\000C\000l\000o\000t\000s\000\040\000\050\000V\000e\000n\000o\000u\000s\000\040\000T\000h\000r\000o\000m\000b\000o\000e\000m\000b\000o\000l\000i\000s\000m\000\051}{}% 91
\BOOKMARK [0][-]{chapter.28}{\376\377\000B\000l\000o\000o\000d\000\040\000i\000n\000\040\000S\000e\000m\000e\000n\000\040\000\050\000H\000e\000m\000a\000t\000o\000s\000p\000e\000r\000m\000i\000a\000\051}{}% 92
\BOOKMARK [0][-]{chapter.29}{\376\377\000B\000l\000o\000o\000d\000\040\000i\000n\000\040\000S\000t\000o\000o\000l}{}% 93
\BOOKMARK [0][-]{chapter.30}{\376\377\000B\000o\000i\000l\000s\000\040\000\050\000F\000u\000r\000u\000n\000c\000l\000e\000s\000\040\000a\000n\000d\000\040\000C\000a\000r\000b\000u\000n\000c\000l\000e\000s\000\051}{}% 94
\BOOKMARK [1][-]{section.30.1}{\376\377\000D\000e\000f\000i\000n\000i\000t\000i\000o\000n}{chapter.30}% 95
\BOOKMARK [1][-]{section.30.2}{\376\377\000P\000a\000t\000h\000o\000p\000h\000y\000s\000i\000o\000l\000o\000g\000y}{chapter.30}% 96
\BOOKMARK [1][-]{section.30.3}{\376\377\000E\000t\000i\000o\000l\000o\000g\000y}{chapter.30}% 97
\BOOKMARK [1][-]{section.30.4}{\376\377\000I\000n\000d\000i\000c\000a\000t\000i\000o\000n\000s\000\040\000f\000o\000r\000\040\000E\000v\000a\000l\000u\000a\000t\000i\000o\000n}{chapter.30}% 98
\BOOKMARK [1][-]{section.30.5}{\376\377\000R\000e\000l\000a\000t\000e\000d\000\040\000S\000y\000m\000p\000t\000o\000m\000s}{chapter.30}% 99
\BOOKMARK [1][-]{section.30.6}{\376\377\000S\000e\000l\000f\000-\000C\000a\000r\000e\000/\000H\000o\000m\000e\000\040\000M\000a\000n\000a\000g\000e\000m\000e\000n\000t}{chapter.30}% 100
\BOOKMARK [1][-]{section.30.7}{\376\377\000D\000i\000a\000g\000n\000o\000s\000t\000i\000c\000\040\000A\000p\000p\000r\000o\000a\000c\000h}{chapter.30}% 101
\BOOKMARK [1][-]{section.30.8}{\376\377\000T\000r\000e\000a\000t\000m\000e\000n\000t\000/\000M\000a\000n\000a\000g\000e\000m\000e\000n\000t\000\040\000O\000v\000e\000r\000v\000i\000e\000w}{chapter.30}% 102
\BOOKMARK [0][-]{chapter.31}{\376\377\000B\000o\000w\000e\000l\000\040\000I\000n\000c\000o\000n\000t\000i\000n\000e\000n\000c\000e}{}% 103
\BOOKMARK [0][-]{chapter.32}{\376\377\000B\000r\000a\000i\000n\000\040\000F\000o\000g}{}% 104
\BOOKMARK [0][-]{chapter.33}{\376\377\000B\000r\000e\000a\000s\000t\000\040\000L\000u\000m\000p}{}% 105
\BOOKMARK [0][-]{chapter.34}{\376\377\000B\000r\000e\000a\000s\000t\000\040\000T\000e\000n\000d\000e\000r\000n\000e\000s\000s\000\040\000\050\000M\000a\000s\000t\000a\000l\000g\000i\000a\000\051}{}% 106
\BOOKMARK [0][-]{chapter.35}{\376\377\000B\000r\000i\000t\000t\000l\000e\000\040\000N\000a\000i\000l\000s\000\040\000\050\000N\000a\000i\000l\000\040\000C\000h\000a\000n\000g\000e\000s\000\051}{}% 107
\BOOKMARK [0][-]{chapter.36}{\376\377\000B\000r\000u\000i\000s\000e\000s\000\040\000\050\000C\000o\000n\000t\000u\000s\000i\000o\000n\000s\000\040\000a\000n\000d\000\040\000E\000c\000c\000h\000y\000m\000o\000s\000i\000s\000\051}{}% 108
\BOOKMARK [1][-]{section.36.1}{\376\377\000D\000e\000f\000i\000n\000i\000t\000i\000o\000n}{chapter.36}% 109
\BOOKMARK [1][-]{section.36.2}{\376\377\000P\000a\000t\000h\000o\000p\000h\000y\000s\000i\000o\000l\000o\000g\000y}{chapter.36}% 110
\BOOKMARK [1][-]{section.36.3}{\376\377\000E\000t\000i\000o\000l\000o\000g\000y}{chapter.36}% 111
\BOOKMARK [1][-]{section.36.4}{\376\377\000I\000n\000d\000i\000c\000a\000t\000i\000o\000n\000s\000\040\000f\000o\000r\000\040\000E\000v\000a\000l\000u\000a\000t\000i\000o\000n}{chapter.36}% 112
\BOOKMARK [1][-]{section.36.5}{\376\377\000R\000e\000l\000a\000t\000e\000d\000\040\000S\000y\000m\000p\000t\000o\000m\000s}{chapter.36}% 113
\BOOKMARK [1][-]{section.36.6}{\376\377\000S\000e\000l\000f\000-\000C\000a\000r\000e\000/\000H\000o\000m\000e\000\040\000M\000a\000n\000a\000g\000e\000m\000e\000n\000t}{chapter.36}% 114
\BOOKMARK [1][-]{section.36.7}{\376\377\000D\000i\000a\000g\000n\000o\000s\000t\000i\000c\000\040\000A\000p\000p\000r\000o\000a\000c\000h}{chapter.36}% 115
\BOOKMARK [1][-]{section.36.8}{\376\377\000T\000r\000e\000a\000t\000m\000e\000n\000t\000/\000M\000a\000n\000a\000g\000e\000m\000e\000n\000t\000\040\000O\000v\000e\000r\000v\000i\000e\000w}{chapter.36}% 116
\BOOKMARK [0][-]{chapter.37}{\376\377\000B\000u\000n\000i\000o\000n\000s\000\040\000\050\000H\000a\000l\000l\000u\000x\000\040\000V\000a\000l\000g\000u\000s\000\051}{}% 117
\BOOKMARK [1][-]{section.37.1}{\376\377\000D\000e\000f\000i\000n\000i\000t\000i\000o\000n}{chapter.37}% 118
\BOOKMARK [1][-]{section.37.2}{\376\377\000P\000a\000t\000h\000o\000p\000h\000y\000s\000i\000o\000l\000o\000g\000y}{chapter.37}% 119
\BOOKMARK [1][-]{section.37.3}{\376\377\000E\000t\000i\000o\000l\000o\000g\000y}{chapter.37}% 120
\BOOKMARK [1][-]{section.37.4}{\376\377\000I\000n\000d\000i\000c\000a\000t\000i\000o\000n\000s\000\040\000f\000o\000r\000\040\000E\000v\000a\000l\000u\000a\000t\000i\000o\000n}{chapter.37}% 121
\BOOKMARK [1][-]{section.37.5}{\376\377\000R\000e\000l\000a\000t\000e\000d\000\040\000S\000y\000m\000p\000t\000o\000m\000s}{chapter.37}% 122
\BOOKMARK [1][-]{section.37.6}{\376\377\000S\000e\000l\000f\000-\000C\000a\000r\000e\000/\000H\000o\000m\000e\000\040\000M\000a\000n\000a\000g\000e\000m\000e\000n\000t}{chapter.37}% 123
\BOOKMARK [1][-]{section.37.7}{\376\377\000D\000i\000a\000g\000n\000o\000s\000t\000i\000c\000\040\000A\000p\000p\000r\000o\000a\000c\000h}{chapter.37}% 124
\BOOKMARK [1][-]{section.37.8}{\376\377\000T\000r\000e\000a\000t\000m\000e\000n\000t\000/\000M\000a\000n\000a\000g\000e\000m\000e\000n\000t\000\040\000O\000v\000e\000r\000v\000i\000e\000w}{chapter.37}% 125
\BOOKMARK [0][-]{chapter.38}{\376\377\000B\000u\000r\000n\000i\000n\000g\000\040\000F\000e\000e\000t}{}% 126
\BOOKMARK [0][-]{chapter.39}{\376\377\000B\000u\000r\000n\000i\000n\000g\000\040\000M\000o\000u\000t\000h\000\040\000S\000y\000n\000d\000r\000o\000m\000e}{}% 127
\BOOKMARK [0][-]{chapter.40}{\376\377\000B\000u\000r\000p\000i\000n\000g\000\040\000\050\000E\000r\000u\000c\000t\000a\000t\000i\000o\000n\000\051}{}% 128
\BOOKMARK [0][-]{chapter.41}{\376\377\000C\000a\000l\000f\000\040\000P\000a\000i\000n}{}% 129
\BOOKMARK [0][-]{chapter.42}{\376\377\000C\000a\000n\000k\000e\000r\000\040\000S\000o\000r\000e\000s\000\040\000\050\000A\000p\000h\000t\000h\000o\000u\000s\000\040\000U\000l\000c\000e\000r\000s\000\051}{}% 130
\BOOKMARK [1][-]{section.42.1}{\376\377\000D\000e\000f\000i\000n\000i\000t\000i\000o\000n}{chapter.42}% 131
\BOOKMARK [1][-]{section.42.2}{\376\377\000P\000a\000t\000h\000o\000p\000h\000y\000s\000i\000o\000l\000o\000g\000y}{chapter.42}% 132
\BOOKMARK [1][-]{section.42.3}{\376\377\000E\000t\000i\000o\000l\000o\000g\000y}{chapter.42}% 133
\BOOKMARK [1][-]{section.42.4}{\376\377\000I\000n\000d\000i\000c\000a\000t\000i\000o\000n\000s\000\040\000f\000o\000r\000\040\000E\000v\000a\000l\000u\000a\000t\000i\000o\000n}{chapter.42}% 134
\BOOKMARK [1][-]{section.42.5}{\376\377\000R\000e\000l\000a\000t\000e\000d\000\040\000S\000y\000m\000p\000t\000o\000m\000s}{chapter.42}% 135
\BOOKMARK [1][-]{section.42.6}{\376\377\000S\000e\000l\000f\000-\000C\000a\000r\000e\000/\000H\000o\000m\000e\000\040\000M\000a\000n\000a\000g\000e\000m\000e\000n\000t}{chapter.42}% 136
\BOOKMARK [1][-]{section.42.7}{\376\377\000D\000i\000a\000g\000n\000o\000s\000t\000i\000c\000\040\000A\000p\000p\000r\000o\000a\000c\000h}{chapter.42}% 137
\BOOKMARK [1][-]{section.42.8}{\376\377\000T\000r\000e\000a\000t\000m\000e\000n\000t\000/\000M\000a\000n\000a\000g\000e\000m\000e\000n\000t\000\040\000O\000v\000e\000r\000v\000i\000e\000w}{chapter.42}% 138
\BOOKMARK [0][-]{chapter.43}{\376\377\000C\000a\000t\000a\000r\000r\000h}{}% 139
\BOOKMARK [0][-]{chapter.44}{\376\377\000C\000e\000l\000l\000u\000l\000i\000t\000e}{}% 140
\BOOKMARK [1][-]{section.44.1}{\376\377\000D\000e\000f\000i\000n\000i\000t\000i\000o\000n}{chapter.44}% 141
\BOOKMARK [1][-]{section.44.2}{\376\377\000P\000a\000t\000h\000o\000p\000h\000y\000s\000i\000o\000l\000o\000g\000y}{chapter.44}% 142
\BOOKMARK [1][-]{section.44.3}{\376\377\000E\000t\000i\000o\000l\000o\000g\000y}{chapter.44}% 143
\BOOKMARK [1][-]{section.44.4}{\376\377\000I\000n\000d\000i\000c\000a\000t\000i\000o\000n\000s\000\040\000f\000o\000r\000\040\000E\000v\000a\000l\000u\000a\000t\000i\000o\000n}{chapter.44}% 144
\BOOKMARK [1][-]{section.44.5}{\376\377\000R\000e\000l\000a\000t\000e\000d\000\040\000S\000y\000m\000p\000t\000o\000m\000s}{chapter.44}% 145
\BOOKMARK [1][-]{section.44.6}{\376\377\000S\000e\000l\000f\000-\000C\000a\000r\000e\000/\000H\000o\000m\000e\000\040\000M\000a\000n\000a\000g\000e\000m\000e\000n\000t}{chapter.44}% 146
\BOOKMARK [1][-]{section.44.7}{\376\377\000D\000i\000a\000g\000n\000o\000s\000t\000i\000c\000\040\000A\000p\000p\000r\000o\000a\000c\000h}{chapter.44}% 147
\BOOKMARK [1][-]{section.44.8}{\376\377\000T\000r\000e\000a\000t\000m\000e\000n\000t\000/\000M\000a\000n\000a\000g\000e\000m\000e\000n\000t\000\040\000O\000v\000e\000r\000v\000i\000e\000w}{chapter.44}% 148
\BOOKMARK [0][-]{chapter.45}{\376\377\000C\000h\000e\000s\000t\000\040\000P\000a\000i\000n}{}% 149
\BOOKMARK [0][-]{chapter.46}{\376\377\000C\000h\000e\000s\000t\000\040\000T\000i\000g\000h\000t\000n\000e\000s\000s\000\040\000a\000n\000d\000\040\000D\000i\000s\000c\000o\000m\000f\000o\000r\000t}{}% 150
\BOOKMARK [0][-]{chapter.47}{\376\377\000C\000h\000i\000l\000l\000s}{}% 151
\BOOKMARK [0][-]{chapter.48}{\376\377\000C\000h\000o\000k\000i\000n\000g\000\040\000\050\000A\000i\000r\000w\000a\000y\000\040\000O\000b\000s\000t\000r\000u\000c\000t\000i\000o\000n\000\051}{}% 152
\BOOKMARK [0][-]{chapter.49}{\376\377\000C\000h\000r\000o\000n\000i\000c\000\040\000W\000o\000u\000n\000d\000s}{}% 153
\BOOKMARK [0][-]{chapter.50}{\376\377\000C\000l\000i\000t\000o\000r\000a\000l\000\040\000P\000a\000i\000n\000\040\000\050\000C\000l\000i\000t\000o\000r\000o\000d\000y\000n\000i\000a\000\051}{}% 154
\BOOKMARK [0][-]{chapter.51}{\376\377\000C\000o\000g\000n\000i\000t\000i\000v\000e\000\040\000D\000e\000f\000i\000c\000i\000t\000s\000\040\000\050\000B\000r\000a\000i\000n\000\040\000F\000o\000g\000\040\000a\000n\000d\000\040\000M\000e\000m\000o\000r\000y\000\040\000L\000a\000p\000s\000e\000s\000\051}{}% 155
\BOOKMARK [1][-]{section.51.1}{\376\377\000D\000e\000f\000i\000n\000i\000t\000i\000o\000n}{chapter.51}% 156
\BOOKMARK [1][-]{section.51.2}{\376\377\000P\000a\000t\000h\000o\000p\000h\000y\000s\000i\000o\000l\000o\000g\000y}{chapter.51}% 157
\BOOKMARK [1][-]{section.51.3}{\376\377\000E\000t\000i\000o\000l\000o\000g\000y}{chapter.51}% 158
\BOOKMARK [1][-]{section.51.4}{\376\377\000I\000n\000d\000i\000c\000a\000t\000i\000o\000n\000s\000\040\000f\000o\000r\000\040\000E\000v\000a\000l\000u\000a\000t\000i\000o\000n}{chapter.51}% 159
\BOOKMARK [1][-]{section.51.5}{\376\377\000R\000e\000l\000a\000t\000e\000d\000\040\000S\000y\000m\000p\000t\000o\000m\000s}{chapter.51}% 160
\BOOKMARK [1][-]{section.51.6}{\376\377\000S\000e\000l\000f\000-\000C\000a\000r\000e\000/\000H\000o\000m\000e\000\040\000M\000a\000n\000a\000g\000e\000m\000e\000n\000t}{chapter.51}% 161
\BOOKMARK [1][-]{section.51.7}{\376\377\000D\000i\000a\000g\000n\000o\000s\000t\000i\000c\000\040\000A\000p\000p\000r\000o\000a\000c\000h}{chapter.51}% 162
\BOOKMARK [1][-]{section.51.8}{\376\377\000T\000r\000e\000a\000t\000m\000e\000n\000t\000/\000M\000a\000n\000a\000g\000e\000m\000e\000n\000t\000\040\000O\000v\000e\000r\000v\000i\000e\000w}{chapter.51}% 163
\BOOKMARK [0][-]{chapter.52}{\376\377\000C\000o\000l\000d\000\040\000H\000a\000n\000d\000s\000\040\000a\000n\000d\000\040\000F\000e\000e\000t\000\040\000\050\000R\000a\000y\000n\000a\000u\000d\000\040\000P\000h\000e\000n\000o\000m\000e\000n\000o\000n\000\051}{}% 164
\BOOKMARK [0][-]{chapter.53}{\376\377\000C\000o\000l\000d\000\040\000I\000n\000t\000o\000l\000e\000r\000a\000n\000c\000e\000\040\000\050\000F\000e\000e\000l\000i\000n\000g\000\040\000C\000o\000l\000d\000\051}{}% 165
\BOOKMARK [0][-]{chapter.54}{\376\377\000C\000o\000l\000d\000\040\000S\000o\000r\000e\000s\000\040\000\050\000H\000e\000r\000p\000e\000s\000\040\000L\000a\000b\000i\000a\000l\000i\000s\000\051}{}% 166
\BOOKMARK [0][-]{chapter.55}{\376\377\000C\000o\000m\000a}{}% 167
\BOOKMARK [1][-]{section.55.1}{\376\377\000D\000e\000f\000i\000n\000i\000t\000i\000o\000n}{chapter.55}% 168
\BOOKMARK [1][-]{section.55.2}{\376\377\000P\000a\000t\000h\000o\000p\000h\000y\000s\000i\000o\000l\000o\000g\000y}{chapter.55}% 169
\BOOKMARK [1][-]{section.55.3}{\376\377\000E\000t\000i\000o\000l\000o\000g\000y}{chapter.55}% 170
\BOOKMARK [1][-]{section.55.4}{\376\377\000I\000n\000d\000i\000c\000a\000t\000i\000o\000n\000s\000\040\000f\000o\000r\000\040\000E\000v\000a\000l\000u\000a\000t\000i\000o\000n}{chapter.55}% 171
\BOOKMARK [1][-]{section.55.5}{\376\377\000R\000e\000l\000a\000t\000e\000d\000\040\000S\000y\000m\000p\000t\000o\000m\000s}{chapter.55}% 172
\BOOKMARK [1][-]{section.55.6}{\376\377\000S\000e\000l\000f\000-\000C\000a\000r\000e\000/\000H\000o\000m\000e\000\040\000M\000a\000n\000a\000g\000e\000m\000e\000n\000t}{chapter.55}% 173
\BOOKMARK [1][-]{section.55.7}{\376\377\000D\000i\000a\000g\000n\000o\000s\000t\000i\000c\000\040\000A\000p\000p\000r\000o\000a\000c\000h}{chapter.55}% 174
\BOOKMARK [1][-]{section.55.8}{\376\377\000T\000r\000e\000a\000t\000m\000e\000n\000t\000/\000M\000a\000n\000a\000g\000e\000m\000e\000n\000t\000\040\000O\000v\000e\000r\000v\000i\000e\000w}{chapter.55}% 175
\BOOKMARK [0][-]{chapter.56}{\376\377\000C\000o\000n\000c\000u\000s\000s\000i\000o\000n\000\040\000\050\000M\000i\000l\000d\000\040\000T\000r\000a\000u\000m\000a\000t\000i\000c\000\040\000B\000r\000a\000i\000n\000\040\000I\000n\000j\000u\000r\000y\000\051}{}% 176
\BOOKMARK [1][-]{section.56.1}{\376\377\000D\000e\000f\000i\000n\000i\000t\000i\000o\000n}{chapter.56}% 177
\BOOKMARK [1][-]{section.56.2}{\376\377\000P\000a\000t\000h\000o\000p\000h\000y\000s\000i\000o\000l\000o\000g\000y}{chapter.56}% 178
\BOOKMARK [1][-]{section.56.3}{\376\377\000E\000t\000i\000o\000l\000o\000g\000y}{chapter.56}% 179
\BOOKMARK [1][-]{section.56.4}{\376\377\000I\000n\000d\000i\000c\000a\000t\000i\000o\000n\000s\000\040\000f\000o\000r\000\040\000E\000v\000a\000l\000u\000a\000t\000i\000o\000n}{chapter.56}% 180
\BOOKMARK [1][-]{section.56.5}{\376\377\000R\000e\000l\000a\000t\000e\000d\000\040\000S\000y\000m\000p\000t\000o\000m\000s}{chapter.56}% 181
\BOOKMARK [1][-]{section.56.6}{\376\377\000S\000e\000l\000f\000-\000C\000a\000r\000e\000/\000H\000o\000m\000e\000\040\000M\000a\000n\000a\000g\000e\000m\000e\000n\000t}{chapter.56}% 182
\BOOKMARK [1][-]{section.56.7}{\376\377\000D\000i\000a\000g\000n\000o\000s\000t\000i\000c\000\040\000A\000p\000p\000r\000o\000a\000c\000h}{chapter.56}% 183
\BOOKMARK [1][-]{section.56.8}{\376\377\000T\000r\000e\000a\000t\000m\000e\000n\000t\000/\000M\000a\000n\000a\000g\000e\000m\000e\000n\000t\000\040\000O\000v\000e\000r\000v\000i\000e\000w}{chapter.56}% 184
\BOOKMARK [0][-]{chapter.57}{\376\377\000C\000o\000n\000f\000u\000s\000i\000o\000n}{}% 185
\BOOKMARK [0][-]{chapter.58}{\376\377\000C\000o\000n\000s\000t\000i\000p\000a\000t\000i\000o\000n}{}% 186
\BOOKMARK [0][-]{chapter.59}{\376\377\000C\000o\000r\000n\000s\000\040\000a\000n\000d\000\040\000C\000a\000l\000l\000u\000s\000e\000s}{}% 187
\BOOKMARK [1][-]{section.59.1}{\376\377\000D\000e\000f\000i\000n\000i\000t\000i\000o\000n}{chapter.59}% 188
\BOOKMARK [1][-]{section.59.2}{\376\377\000P\000a\000t\000h\000o\000p\000h\000y\000s\000i\000o\000l\000o\000g\000y}{chapter.59}% 189
\BOOKMARK [1][-]{section.59.3}{\376\377\000E\000t\000i\000o\000l\000o\000g\000y}{chapter.59}% 190
\BOOKMARK [1][-]{section.59.4}{\376\377\000I\000n\000d\000i\000c\000a\000t\000i\000o\000n\000s\000\040\000f\000o\000r\000\040\000E\000v\000a\000l\000u\000a\000t\000i\000o\000n}{chapter.59}% 191
\BOOKMARK [1][-]{section.59.5}{\376\377\000R\000e\000l\000a\000t\000e\000d\000\040\000S\000y\000m\000p\000t\000o\000m\000s}{chapter.59}% 192
\BOOKMARK [1][-]{section.59.6}{\376\377\000S\000e\000l\000f\000-\000C\000a\000r\000e\000/\000H\000o\000m\000e\000\040\000M\000a\000n\000a\000g\000e\000m\000e\000n\000t}{chapter.59}% 193
\BOOKMARK [1][-]{section.59.7}{\376\377\000D\000i\000a\000g\000n\000o\000s\000t\000i\000c\000\040\000A\000p\000p\000r\000o\000a\000c\000h}{chapter.59}% 194
\BOOKMARK [1][-]{section.59.8}{\376\377\000T\000r\000e\000a\000t\000m\000e\000n\000t\000/\000M\000a\000n\000a\000g\000e\000m\000e\000n\000t\000\040\000O\000v\000e\000r\000v\000i\000e\000w}{chapter.59}% 195
\BOOKMARK [0][-]{chapter.60}{\376\377\000C\000o\000u\000g\000h}{}% 196
\BOOKMARK [0][-]{chapter.61}{\376\377\000C\000r\000y\000i\000n\000g\000\040\000S\000p\000e\000l\000l\000s}{}% 197
\BOOKMARK [0][-]{chapter.62}{\376\377\000C\000y\000s\000t}{}% 198
\BOOKMARK [1][-]{section.62.1}{\376\377\000D\000e\000f\000i\000n\000i\000t\000i\000o\000n}{chapter.62}% 199
\BOOKMARK [1][-]{section.62.2}{\376\377\000P\000a\000t\000h\000o\000p\000h\000y\000s\000i\000o\000l\000o\000g\000y}{chapter.62}% 200
\BOOKMARK [1][-]{section.62.3}{\376\377\000E\000t\000i\000o\000l\000o\000g\000y}{chapter.62}% 201
\BOOKMARK [1][-]{section.62.4}{\376\377\000I\000n\000d\000i\000c\000a\000t\000i\000o\000n\000s\000\040\000f\000o\000r\000\040\000E\000v\000a\000l\000u\000a\000t\000i\000o\000n}{chapter.62}% 202
\BOOKMARK [1][-]{section.62.5}{\376\377\000R\000e\000l\000a\000t\000e\000d\000\040\000S\000y\000m\000p\000t\000o\000m\000s}{chapter.62}% 203
\BOOKMARK [1][-]{section.62.6}{\376\377\000S\000e\000l\000f\000-\000C\000a\000r\000e\000/\000H\000o\000m\000e\000\040\000M\000a\000n\000a\000g\000e\000m\000e\000n\000t}{chapter.62}% 204
\BOOKMARK [1][-]{section.62.7}{\376\377\000D\000i\000a\000g\000n\000o\000s\000t\000i\000c\000\040\000A\000p\000p\000r\000o\000a\000c\000h}{chapter.62}% 205
\BOOKMARK [1][-]{section.62.8}{\376\377\000T\000r\000e\000a\000t\000m\000e\000n\000t\000/\000M\000a\000n\000a\000g\000e\000m\000e\000n\000t\000\040\000O\000v\000e\000r\000v\000i\000e\000w}{chapter.62}% 206
\BOOKMARK [0][-]{chapter.63}{\376\377\000D\000a\000n\000d\000r\000u\000f\000f\000\040\000\050\000S\000e\000b\000o\000r\000r\000h\000e\000i\000c\000\040\000D\000e\000r\000m\000a\000t\000i\000t\000i\000s\000\040\000o\000f\000\040\000t\000h\000e\000\040\000S\000c\000a\000l\000p\000\051}{}% 207
\BOOKMARK [1][-]{section.63.1}{\376\377\000D\000e\000f\000i\000n\000i\000t\000i\000o\000n}{chapter.63}% 208
\BOOKMARK [1][-]{section.63.2}{\376\377\000P\000a\000t\000h\000o\000p\000h\000y\000s\000i\000o\000l\000o\000g\000y}{chapter.63}% 209
\BOOKMARK [1][-]{section.63.3}{\376\377\000E\000t\000i\000o\000l\000o\000g\000y}{chapter.63}% 210
\BOOKMARK [1][-]{section.63.4}{\376\377\000I\000n\000d\000i\000c\000a\000t\000i\000o\000n\000s\000\040\000f\000o\000r\000\040\000E\000v\000a\000l\000u\000a\000t\000i\000o\000n}{chapter.63}% 211
\BOOKMARK [1][-]{section.63.5}{\376\377\000R\000e\000l\000a\000t\000e\000d\000\040\000S\000y\000m\000p\000t\000o\000m\000s}{chapter.63}% 212
\BOOKMARK [1][-]{section.63.6}{\376\377\000S\000e\000l\000f\000-\000C\000a\000r\000e\000/\000H\000o\000m\000e\000\040\000M\000a\000n\000a\000g\000e\000m\000e\000n\000t}{chapter.63}% 213
\BOOKMARK [1][-]{section.63.7}{\376\377\000D\000i\000a\000g\000n\000o\000s\000t\000i\000c\000\040\000A\000p\000p\000r\000o\000a\000c\000h}{chapter.63}% 214
\BOOKMARK [1][-]{section.63.8}{\376\377\000T\000r\000e\000a\000t\000m\000e\000n\000t\000/\000M\000a\000n\000a\000g\000e\000m\000e\000n\000t\000\040\000O\000v\000e\000r\000v\000i\000e\000w}{chapter.63}% 215
\BOOKMARK [0][-]{chapter.64}{\376\377\000D\000a\000r\000k\000\040\000C\000i\000r\000c\000l\000e\000s\000\040\000U\000n\000d\000e\000r\000\040\000E\000y\000e\000s}{}% 216
\BOOKMARK [0][-]{chapter.65}{\376\377\000D\000e\000h\000y\000d\000r\000a\000t\000i\000o\000n}{}% 217
\BOOKMARK [0][-]{chapter.66}{\376\377\000D\000e\000l\000i\000r\000i\000u\000m}{}% 218
\BOOKMARK [0][-]{chapter.67}{\376\377\000D\000e\000l\000u\000s\000i\000o\000n\000s}{}% 219
\BOOKMARK [0][-]{chapter.68}{\376\377\000D\000e\000p\000r\000e\000s\000s\000i\000o\000n}{}% 220
\BOOKMARK [0][-]{chapter.69}{\376\377\000D\000i\000a\000r\000r\000h\000e\000a}{}% 221
\BOOKMARK [0][-]{chapter.70}{\376\377\000D\000i\000s\000o\000r\000i\000e\000n\000t\000a\000t\000i\000o\000n}{}% 222
\BOOKMARK [0][-]{chapter.71}{\376\377\000D\000i\000z\000z\000i\000n\000e\000s\000s}{}% 223
\BOOKMARK [0][-]{chapter.72}{\376\377\000D\000o\000u\000b\000l\000e\000\040\000V\000i\000s\000i\000o\000n\000\040\000\050\000D\000i\000p\000l\000o\000p\000i\000a\000\051}{}% 224
\BOOKMARK [0][-]{chapter.73}{\376\377\000D\000r\000o\000o\000l\000i\000n\000g\000\040\000\050\000S\000i\000a\000l\000o\000r\000r\000h\000e\000a\000\051}{}% 225
\BOOKMARK [0][-]{chapter.74}{\376\377\000D\000r\000y\000\040\000E\000y\000e\000\040\000D\000i\000s\000e\000a\000s\000e\000\040\000\050\000D\000r\000y\000\040\000E\000y\000e\000s\000\051}{}% 226
\BOOKMARK [0][-]{chapter.75}{\376\377\000D\000r\000y\000\040\000M\000o\000u\000t\000h}{}% 227
\BOOKMARK [0][-]{chapter.76}{\376\377\000D\000r\000y\000\040\000O\000r\000g\000a\000s\000m}{}% 228
\BOOKMARK [0][-]{chapter.77}{\376\377\000D\000r\000y\000\040\000S\000k\000i\000n\000\040\000\050\000X\000e\000r\000o\000s\000i\000s\000\051}{}% 229
\BOOKMARK [0][-]{chapter.78}{\376\377\000D\000y\000s\000p\000h\000a\000g\000i\000a\000\040\000\050\000D\000i\000f\000f\000i\000c\000u\000l\000t\000y\000\040\000S\000w\000a\000l\000l\000o\000w\000i\000n\000g\000\051}{}% 230
\BOOKMARK [1][-]{section.78.1}{\376\377\000D\000e\000f\000i\000n\000i\000t\000i\000o\000n}{chapter.78}% 231
\BOOKMARK [1][-]{section.78.2}{\376\377\000P\000a\000t\000h\000o\000p\000h\000y\000s\000i\000o\000l\000o\000g\000y}{chapter.78}% 232
\BOOKMARK [1][-]{section.78.3}{\376\377\000E\000t\000i\000o\000l\000o\000g\000y}{chapter.78}% 233
\BOOKMARK [1][-]{section.78.4}{\376\377\000I\000n\000d\000i\000c\000a\000t\000i\000o\000n\000s\000\040\000f\000o\000r\000\040\000E\000v\000a\000l\000u\000a\000t\000i\000o\000n}{chapter.78}% 234
\BOOKMARK [1][-]{section.78.5}{\376\377\000R\000e\000l\000a\000t\000e\000d\000\040\000S\000y\000m\000p\000t\000o\000m\000s}{chapter.78}% 235
\BOOKMARK [1][-]{section.78.6}{\376\377\000S\000e\000l\000f\000-\000C\000a\000r\000e\000/\000H\000o\000m\000e\000\040\000M\000a\000n\000a\000g\000e\000m\000e\000n\000t}{chapter.78}% 236
\BOOKMARK [1][-]{section.78.7}{\376\377\000D\000i\000a\000g\000n\000o\000s\000t\000i\000c\000\040\000A\000p\000p\000r\000o\000a\000c\000h}{chapter.78}% 237
\BOOKMARK [1][-]{section.78.8}{\376\377\000T\000r\000e\000a\000t\000m\000e\000n\000t\000/\000M\000a\000n\000a\000g\000e\000m\000e\000n\000t\000\040\000O\000v\000e\000r\000v\000i\000e\000w}{chapter.78}% 238
\BOOKMARK [0][-]{chapter.79}{\376\377\000E\000a\000r\000a\000c\000h\000e}{}% 239
\BOOKMARK [0][-]{chapter.80}{\376\377\000E\000a\000r\000w\000a\000x\000\040\000\050\000C\000e\000r\000u\000m\000e\000n\000\040\000I\000m\000p\000a\000c\000t\000i\000o\000n\000\051}{}% 240
\BOOKMARK [1][-]{section.80.1}{\376\377\000D\000e\000f\000i\000n\000i\000t\000i\000o\000n}{chapter.80}% 241
\BOOKMARK [1][-]{section.80.2}{\376\377\000P\000a\000t\000h\000o\000p\000h\000y\000s\000i\000o\000l\000o\000g\000y}{chapter.80}% 242
\BOOKMARK [1][-]{section.80.3}{\376\377\000E\000t\000i\000o\000l\000o\000g\000y}{chapter.80}% 243
\BOOKMARK [1][-]{section.80.4}{\376\377\000I\000n\000d\000i\000c\000a\000t\000i\000o\000n\000s\000\040\000f\000o\000r\000\040\000E\000v\000a\000l\000u\000a\000t\000i\000o\000n}{chapter.80}% 244
\BOOKMARK [1][-]{section.80.5}{\376\377\000R\000e\000l\000a\000t\000e\000d\000\040\000S\000y\000m\000p\000t\000o\000m\000s}{chapter.80}% 245
\BOOKMARK [1][-]{section.80.6}{\376\377\000S\000e\000l\000f\000-\000C\000a\000r\000e\000/\000H\000o\000m\000e\000\040\000M\000a\000n\000a\000g\000e\000m\000e\000n\000t}{chapter.80}% 246
\BOOKMARK [1][-]{section.80.7}{\376\377\000D\000i\000a\000g\000n\000o\000s\000t\000i\000c\000\040\000A\000p\000p\000r\000o\000a\000c\000h}{chapter.80}% 247
\BOOKMARK [1][-]{section.80.8}{\376\377\000T\000r\000e\000a\000t\000m\000e\000n\000t\000/\000M\000a\000n\000a\000g\000e\000m\000e\000n\000t\000\040\000O\000v\000e\000r\000v\000i\000e\000w}{chapter.80}% 248
\BOOKMARK [0][-]{chapter.81}{\376\377\000E\000d\000e\000m\000a\000\040\000\050\000F\000l\000u\000i\000d\000\040\000R\000e\000t\000e\000n\000t\000i\000o\000n\000\051}{}% 249
\BOOKMARK [1][-]{section.81.1}{\376\377\000D\000e\000f\000i\000n\000i\000t\000i\000o\000n}{chapter.81}% 250
\BOOKMARK [1][-]{section.81.2}{\376\377\000P\000a\000t\000h\000o\000p\000h\000y\000s\000i\000o\000l\000o\000g\000y}{chapter.81}% 251
\BOOKMARK [1][-]{section.81.3}{\376\377\000E\000t\000i\000o\000l\000o\000g\000y}{chapter.81}% 252
\BOOKMARK [1][-]{section.81.4}{\376\377\000I\000n\000d\000i\000c\000a\000t\000i\000o\000n\000s\000\040\000f\000o\000r\000\040\000E\000v\000a\000l\000u\000a\000t\000i\000o\000n}{chapter.81}% 253
\BOOKMARK [1][-]{section.81.5}{\376\377\000R\000e\000l\000a\000t\000e\000d\000\040\000S\000y\000m\000p\000t\000o\000m\000s}{chapter.81}% 254
\BOOKMARK [1][-]{section.81.6}{\376\377\000S\000e\000l\000f\000-\000C\000a\000r\000e\000/\000H\000o\000m\000e\000\040\000M\000a\000n\000a\000g\000e\000m\000e\000n\000t}{chapter.81}% 255
\BOOKMARK [1][-]{section.81.7}{\376\377\000D\000i\000a\000g\000n\000o\000s\000t\000i\000c\000\040\000A\000p\000p\000r\000o\000a\000c\000h}{chapter.81}% 256
\BOOKMARK [1][-]{section.81.8}{\376\377\000T\000r\000e\000a\000t\000m\000e\000n\000t\000/\000M\000a\000n\000a\000g\000e\000m\000e\000n\000t\000\040\000O\000v\000e\000r\000v\000i\000e\000w}{chapter.81}% 257
\BOOKMARK [0][-]{chapter.82}{\376\377\000E\000l\000b\000o\000w\000\040\000P\000a\000i\000n}{}% 258
\BOOKMARK [0][-]{chapter.83}{\376\377\000E\000l\000e\000c\000t\000r\000i\000c\000\040\000S\000h\000o\000c\000k\000\040\000S\000e\000n\000s\000a\000t\000i\000o\000n\000\040\000\050\000F\000o\000r\000m\000i\000c\000a\000t\000i\000o\000n\000\051}{}% 259
\BOOKMARK [0][-]{chapter.84}{\376\377\000E\000n\000l\000a\000r\000g\000e\000d\000\040\000P\000r\000o\000s\000t\000a\000t\000e\000\040\000\050\000B\000e\000n\000i\000g\000n\000\040\000P\000r\000o\000s\000t\000a\000t\000i\000c\000\040\000H\000y\000p\000e\000r\000p\000l\000a\000s\000i\000a\000\051}{}% 260
\BOOKMARK [1][-]{section.84.1}{\376\377\000D\000e\000f\000i\000n\000i\000t\000i\000o\000n}{chapter.84}% 261
\BOOKMARK [1][-]{section.84.2}{\376\377\000P\000a\000t\000h\000o\000p\000h\000y\000s\000i\000o\000l\000o\000g\000y}{chapter.84}% 262
\BOOKMARK [1][-]{section.84.3}{\376\377\000E\000t\000i\000o\000l\000o\000g\000y}{chapter.84}% 263
\BOOKMARK [1][-]{section.84.4}{\376\377\000I\000n\000d\000i\000c\000a\000t\000i\000o\000n\000s\000\040\000f\000o\000r\000\040\000E\000v\000a\000l\000u\000a\000t\000i\000o\000n}{chapter.84}% 264
\BOOKMARK [1][-]{section.84.5}{\376\377\000R\000e\000l\000a\000t\000e\000d\000\040\000S\000y\000m\000p\000t\000o\000m\000s}{chapter.84}% 265
\BOOKMARK [1][-]{section.84.6}{\376\377\000S\000e\000l\000f\000-\000C\000a\000r\000e\000/\000H\000o\000m\000e\000\040\000M\000a\000n\000a\000g\000e\000m\000e\000n\000t}{chapter.84}% 266
\BOOKMARK [1][-]{section.84.7}{\376\377\000D\000i\000a\000g\000n\000o\000s\000t\000i\000c\000\040\000A\000p\000p\000r\000o\000a\000c\000h}{chapter.84}% 267
\BOOKMARK [1][-]{section.84.8}{\376\377\000T\000r\000e\000a\000t\000m\000e\000n\000t\000/\000M\000a\000n\000a\000g\000e\000m\000e\000n\000t\000\040\000O\000v\000e\000r\000v\000i\000e\000w}{chapter.84}% 268
\BOOKMARK [0][-]{chapter.85}{\376\377\000E\000n\000l\000a\000r\000g\000e\000d\000\040\000S\000p\000l\000e\000e\000n\000\040\000\050\000S\000p\000l\000e\000n\000o\000m\000e\000g\000a\000l\000y\000\051}{}% 269
\BOOKMARK [1][-]{section.85.1}{\376\377\000D\000e\000f\000i\000n\000i\000t\000i\000o\000n}{chapter.85}% 270
\BOOKMARK [1][-]{section.85.2}{\376\377\000P\000a\000t\000h\000o\000p\000h\000y\000s\000i\000o\000l\000o\000g\000y}{chapter.85}% 271
\BOOKMARK [1][-]{section.85.3}{\376\377\000E\000t\000i\000o\000l\000o\000g\000y}{chapter.85}% 272
\BOOKMARK [1][-]{section.85.4}{\376\377\000I\000n\000d\000i\000c\000a\000t\000i\000o\000n\000s\000\040\000f\000o\000r\000\040\000E\000v\000a\000l\000u\000a\000t\000i\000o\000n}{chapter.85}% 273
\BOOKMARK [1][-]{section.85.5}{\376\377\000R\000e\000l\000a\000t\000e\000d\000\040\000S\000y\000m\000p\000t\000o\000m\000s}{chapter.85}% 274
\BOOKMARK [1][-]{section.85.6}{\376\377\000S\000e\000l\000f\000-\000C\000a\000r\000e\000/\000H\000o\000m\000e\000\040\000M\000a\000n\000a\000g\000e\000m\000e\000n\000t}{chapter.85}% 275
\BOOKMARK [1][-]{section.85.7}{\376\377\000D\000i\000a\000g\000n\000o\000s\000t\000i\000c\000\040\000A\000p\000p\000r\000o\000a\000c\000h}{chapter.85}% 276
\BOOKMARK [1][-]{section.85.8}{\376\377\000T\000r\000e\000a\000t\000m\000e\000n\000t\000/\000M\000a\000n\000a\000g\000e\000m\000e\000n\000t\000\040\000O\000v\000e\000r\000v\000i\000e\000w}{chapter.85}% 277
\BOOKMARK [0][-]{chapter.86}{\376\377\000E\000r\000e\000c\000t\000i\000l\000e\000\040\000D\000y\000s\000f\000u\000n\000c\000t\000i\000o\000n\000\040\000\050\000I\000m\000p\000o\000t\000e\000n\000c\000e\000\051}{}% 278
\BOOKMARK [0][-]{chapter.87}{\376\377\000E\000x\000c\000e\000s\000s\000i\000v\000e\000\040\000S\000w\000e\000a\000t\000i\000n\000g}{}% 279
\BOOKMARK [0][-]{chapter.88}{\376\377\000E\000y\000e\000\040\000A\000l\000l\000e\000r\000g\000i\000e\000s\000\040\000\050\000A\000l\000l\000e\000r\000g\000i\000c\000\040\000C\000o\000n\000j\000u\000n\000c\000t\000i\000v\000i\000t\000i\000s\000\051}{}% 280
\BOOKMARK [1][-]{section.88.1}{\376\377\000D\000e\000f\000i\000n\000i\000t\000i\000o\000n}{chapter.88}% 281
\BOOKMARK [1][-]{section.88.2}{\376\377\000P\000a\000t\000h\000o\000p\000h\000y\000s\000i\000o\000l\000o\000g\000y}{chapter.88}% 282
\BOOKMARK [1][-]{section.88.3}{\376\377\000E\000t\000i\000o\000l\000o\000g\000y}{chapter.88}% 283
\BOOKMARK [1][-]{section.88.4}{\376\377\000I\000n\000d\000i\000c\000a\000t\000i\000o\000n\000s\000\040\000f\000o\000r\000\040\000E\000v\000a\000l\000u\000a\000t\000i\000o\000n}{chapter.88}% 284
\BOOKMARK [1][-]{section.88.5}{\376\377\000R\000e\000l\000a\000t\000e\000d\000\040\000S\000y\000m\000p\000t\000o\000m\000s}{chapter.88}% 285
\BOOKMARK [1][-]{section.88.6}{\376\377\000S\000e\000l\000f\000-\000C\000a\000r\000e\000/\000H\000o\000m\000e\000\040\000M\000a\000n\000a\000g\000e\000m\000e\000n\000t}{chapter.88}% 286
\BOOKMARK [1][-]{section.88.7}{\376\377\000D\000i\000a\000g\000n\000o\000s\000t\000i\000c\000\040\000A\000p\000p\000r\000o\000a\000c\000h}{chapter.88}% 287
\BOOKMARK [1][-]{section.88.8}{\376\377\000T\000r\000e\000a\000t\000m\000e\000n\000t\000/\000M\000a\000n\000a\000g\000e\000m\000e\000n\000t\000\040\000O\000v\000e\000r\000v\000i\000e\000w}{chapter.88}% 288
\BOOKMARK [0][-]{chapter.89}{\376\377\000E\000y\000e\000\040\000D\000i\000s\000c\000h\000a\000r\000g\000e}{}% 289
\BOOKMARK [0][-]{chapter.90}{\376\377\000E\000y\000e\000\040\000F\000l\000o\000a\000t\000e\000r\000s\000\040\000\050\000V\000i\000t\000r\000e\000o\000u\000s\000\040\000F\000l\000o\000a\000t\000e\000r\000s\000\051}{}% 290
\BOOKMARK [1][-]{section.90.1}{\376\377\000D\000e\000f\000i\000n\000i\000t\000i\000o\000n}{chapter.90}% 291
\BOOKMARK [1][-]{section.90.2}{\376\377\000P\000a\000t\000h\000o\000p\000h\000y\000s\000i\000o\000l\000o\000g\000y}{chapter.90}% 292
\BOOKMARK [1][-]{section.90.3}{\376\377\000E\000t\000i\000o\000l\000o\000g\000y}{chapter.90}% 293
\BOOKMARK [1][-]{section.90.4}{\376\377\000I\000n\000d\000i\000c\000a\000t\000i\000o\000n\000s\000\040\000f\000o\000r\000\040\000E\000v\000a\000l\000u\000a\000t\000i\000o\000n}{chapter.90}% 294
\BOOKMARK [1][-]{section.90.5}{\376\377\000R\000e\000l\000a\000t\000e\000d\000\040\000S\000y\000m\000p\000t\000o\000m\000s}{chapter.90}% 295
\BOOKMARK [1][-]{section.90.6}{\376\377\000S\000e\000l\000f\000-\000C\000a\000r\000e\000/\000H\000o\000m\000e\000\040\000M\000a\000n\000a\000g\000e\000m\000e\000n\000t}{chapter.90}% 296
\BOOKMARK [1][-]{section.90.7}{\376\377\000D\000i\000a\000g\000n\000o\000s\000t\000i\000c\000\040\000A\000p\000p\000r\000o\000a\000c\000h}{chapter.90}% 297
\BOOKMARK [1][-]{section.90.8}{\376\377\000T\000r\000e\000a\000t\000m\000e\000n\000t\000/\000M\000a\000n\000a\000g\000e\000m\000e\000n\000t\000\040\000O\000v\000e\000r\000v\000i\000e\000w}{chapter.90}% 298
\BOOKMARK [0][-]{chapter.91}{\376\377\000E\000y\000e\000\040\000P\000a\000i\000n\000\040\000\050\000O\000p\000h\000t\000h\000a\000l\000m\000a\000l\000g\000i\000a\000\051}{}% 299
\BOOKMARK [0][-]{chapter.92}{\376\377\000E\000y\000e\000\040\000S\000t\000r\000a\000i\000n\000\040\000\050\000A\000s\000t\000h\000e\000n\000o\000p\000i\000a\000\051}{}% 300
\BOOKMARK [0][-]{chapter.93}{\376\377\000E\000y\000e\000\040\000T\000w\000i\000t\000c\000h\000i\000n\000g\000\040\000\050\000B\000l\000e\000p\000h\000a\000r\000o\000s\000p\000a\000s\000m\000\040\000a\000n\000d\000\040\000M\000y\000o\000k\000y\000m\000i\000a\000\051}{}% 301
\BOOKMARK [0][-]{chapter.94}{\376\377\000E\000y\000e\000l\000i\000d\000\040\000B\000u\000m\000p\000\040\000\050\000S\000t\000y\000e\000\040\000a\000n\000d\000\040\000C\000h\000a\000l\000a\000z\000i\000o\000n\000\051}{}% 302
\BOOKMARK [0][-]{chapter.95}{\376\377\000E\000y\000e\000l\000i\000d\000\040\000I\000n\000f\000l\000a\000m\000m\000a\000t\000i\000o\000n\000\040\000\050\000B\000l\000e\000p\000h\000a\000r\000i\000t\000i\000s\000\051}{}% 303
\BOOKMARK [1][-]{section.95.1}{\376\377\000D\000e\000f\000i\000n\000i\000t\000i\000o\000n}{chapter.95}% 304
\BOOKMARK [1][-]{section.95.2}{\376\377\000P\000a\000t\000h\000o\000p\000h\000y\000s\000i\000o\000l\000o\000g\000y}{chapter.95}% 305
\BOOKMARK [1][-]{section.95.3}{\376\377\000E\000t\000i\000o\000l\000o\000g\000y}{chapter.95}% 306
\BOOKMARK [1][-]{section.95.4}{\376\377\000I\000n\000d\000i\000c\000a\000t\000i\000o\000n\000s\000\040\000f\000o\000r\000\040\000E\000v\000a\000l\000u\000a\000t\000i\000o\000n}{chapter.95}% 307
\BOOKMARK [1][-]{section.95.5}{\376\377\000R\000e\000l\000a\000t\000e\000d\000\040\000S\000y\000m\000p\000t\000o\000m\000s}{chapter.95}% 308
\BOOKMARK [1][-]{section.95.6}{\376\377\000S\000e\000l\000f\000-\000C\000a\000r\000e\000/\000H\000o\000m\000e\000\040\000M\000a\000n\000a\000g\000e\000m\000e\000n\000t}{chapter.95}% 309
\BOOKMARK [1][-]{section.95.7}{\376\377\000D\000i\000a\000g\000n\000o\000s\000t\000i\000c\000\040\000A\000p\000p\000r\000o\000a\000c\000h}{chapter.95}% 310
\BOOKMARK [1][-]{section.95.8}{\376\377\000T\000r\000e\000a\000t\000m\000e\000n\000t\000/\000M\000a\000n\000a\000g\000e\000m\000e\000n\000t\000\040\000O\000v\000e\000r\000v\000i\000e\000w}{chapter.95}% 311
\BOOKMARK [0][-]{chapter.96}{\376\377\000F\000a\000c\000i\000a\000l\000\040\000D\000r\000o\000o\000p}{}% 312
\BOOKMARK [0][-]{chapter.97}{\376\377\000F\000a\000c\000i\000a\000l\000\040\000N\000u\000m\000b\000n\000e\000s\000s}{}% 313
\BOOKMARK [0][-]{chapter.98}{\376\377\000F\000a\000i\000n\000t\000i\000n\000g\000\040\000\050\000S\000y\000n\000c\000o\000p\000e\000\051}{}% 314
\BOOKMARK [1][-]{section.98.1}{\376\377\000D\000e\000f\000i\000n\000i\000t\000i\000o\000n}{chapter.98}% 315
\BOOKMARK [1][-]{section.98.2}{\376\377\000P\000a\000t\000h\000o\000p\000h\000y\000s\000i\000o\000l\000o\000g\000y}{chapter.98}% 316
\BOOKMARK [1][-]{section.98.3}{\376\377\000E\000t\000i\000o\000l\000o\000g\000y}{chapter.98}% 317
\BOOKMARK [1][-]{section.98.4}{\376\377\000I\000n\000d\000i\000c\000a\000t\000i\000o\000n\000s\000\040\000f\000o\000r\000\040\000E\000v\000a\000l\000u\000a\000t\000i\000o\000n}{chapter.98}% 318
\BOOKMARK [1][-]{section.98.5}{\376\377\000R\000e\000l\000a\000t\000e\000d\000\040\000S\000y\000m\000p\000t\000o\000m\000s}{chapter.98}% 319
\BOOKMARK [1][-]{section.98.6}{\376\377\000S\000e\000l\000f\000-\000C\000a\000r\000e\000/\000H\000o\000m\000e\000\040\000M\000a\000n\000a\000g\000e\000m\000e\000n\000t}{chapter.98}% 320
\BOOKMARK [1][-]{section.98.7}{\376\377\000D\000i\000a\000g\000n\000o\000s\000t\000i\000c\000\040\000A\000p\000p\000r\000o\000a\000c\000h}{chapter.98}% 321
\BOOKMARK [1][-]{section.98.8}{\376\377\000T\000r\000e\000a\000t\000m\000e\000n\000t\000/\000M\000a\000n\000a\000g\000e\000m\000e\000n\000t\000\040\000O\000v\000e\000r\000v\000i\000e\000w}{chapter.98}% 322
\BOOKMARK [0][-]{chapter.99}{\376\377\000F\000a\000t\000i\000g\000u\000e}{}% 323
\BOOKMARK [0][-]{chapter.100}{\376\377\000F\000e\000b\000r\000i\000l\000e\000\040\000S\000e\000i\000z\000u\000r\000e}{}% 324
\BOOKMARK [0][-]{chapter.101}{\376\377\000F\000e\000v\000e\000r}{}% 325
\BOOKMARK [0][-]{chapter.102}{\376\377\000F\000l\000u\000i\000d\000\040\000f\000r\000o\000m\000\040\000t\000h\000e\000\040\000E\000a\000r\000\040\000\050\000O\000t\000o\000r\000r\000h\000e\000a\000\051}{}% 326
\BOOKMARK [0][-]{chapter.103}{\376\377\000F\000o\000o\000t\000\040\000P\000a\000i\000n}{}% 327
\BOOKMARK [0][-]{chapter.104}{\376\377\000F\000r\000e\000q\000u\000e\000n\000t\000\040\000B\000o\000w\000e\000l\000\040\000M\000o\000v\000e\000m\000e\000n\000t\000s}{}% 328
\BOOKMARK [0][-]{chapter.105}{\376\377\000F\000r\000e\000q\000u\000e\000n\000t\000\040\000U\000r\000i\000n\000a\000t\000i\000o\000n\000\040\000\050\000U\000r\000i\000n\000a\000r\000y\000\040\000F\000r\000e\000q\000u\000e\000n\000c\000y\000\051}{}% 329
\BOOKMARK [1][-]{section.105.1}{\376\377\000D\000e\000f\000i\000n\000i\000t\000i\000o\000n}{chapter.105}% 330
\BOOKMARK [1][-]{section.105.2}{\376\377\000P\000a\000t\000h\000o\000p\000h\000y\000s\000i\000o\000l\000o\000g\000y}{chapter.105}% 331
\BOOKMARK [1][-]{section.105.3}{\376\377\000E\000t\000i\000o\000l\000o\000g\000y}{chapter.105}% 332
\BOOKMARK [1][-]{section.105.4}{\376\377\000I\000n\000d\000i\000c\000a\000t\000i\000o\000n\000s\000\040\000f\000o\000r\000\040\000E\000v\000a\000l\000u\000a\000t\000i\000o\000n}{chapter.105}% 333
\BOOKMARK [1][-]{section.105.5}{\376\377\000R\000e\000l\000a\000t\000e\000d\000\040\000S\000y\000m\000p\000t\000o\000m\000s}{chapter.105}% 334
\BOOKMARK [1][-]{section.105.6}{\376\377\000S\000e\000l\000f\000-\000C\000a\000r\000e\000/\000H\000o\000m\000e\000\040\000M\000a\000n\000a\000g\000e\000m\000e\000n\000t}{chapter.105}% 335
\BOOKMARK [1][-]{section.105.7}{\376\377\000D\000i\000a\000g\000n\000o\000s\000t\000i\000c\000\040\000A\000p\000p\000r\000o\000a\000c\000h}{chapter.105}% 336
\BOOKMARK [1][-]{section.105.8}{\376\377\000T\000r\000e\000a\000t\000m\000e\000n\000t\000/\000M\000a\000n\000a\000g\000e\000m\000e\000n\000t\000\040\000O\000v\000e\000r\000v\000i\000e\000w}{chapter.105}% 337
\BOOKMARK [0][-]{chapter.106}{\376\377\000F\000r\000o\000s\000t\000b\000i\000t\000e}{}% 338
\BOOKMARK [1][-]{section.106.1}{\376\377\000D\000e\000f\000i\000n\000i\000t\000i\000o\000n}{chapter.106}% 339
\BOOKMARK [1][-]{section.106.2}{\376\377\000P\000a\000t\000h\000o\000p\000h\000y\000s\000i\000o\000l\000o\000g\000y}{chapter.106}% 340
\BOOKMARK [1][-]{section.106.3}{\376\377\000E\000t\000i\000o\000l\000o\000g\000y}{chapter.106}% 341
\BOOKMARK [1][-]{section.106.4}{\376\377\000I\000n\000d\000i\000c\000a\000t\000i\000o\000n\000s\000\040\000f\000o\000r\000\040\000E\000v\000a\000l\000u\000a\000t\000i\000o\000n}{chapter.106}% 342
\BOOKMARK [1][-]{section.106.5}{\376\377\000R\000e\000l\000a\000t\000e\000d\000\040\000S\000y\000m\000p\000t\000o\000m\000s}{chapter.106}% 343
\BOOKMARK [1][-]{section.106.6}{\376\377\000S\000e\000l\000f\000-\000C\000a\000r\000e\000/\000H\000o\000m\000e\000\040\000M\000a\000n\000a\000g\000e\000m\000e\000n\000t}{chapter.106}% 344
\BOOKMARK [1][-]{section.106.7}{\376\377\000D\000i\000a\000g\000n\000o\000s\000t\000i\000c\000\040\000A\000p\000p\000r\000o\000a\000c\000h}{chapter.106}% 345
\BOOKMARK [1][-]{section.106.8}{\376\377\000T\000r\000e\000a\000t\000m\000e\000n\000t\000/\000M\000a\000n\000a\000g\000e\000m\000e\000n\000t\000\040\000O\000v\000e\000r\000v\000i\000e\000w}{chapter.106}% 346
\BOOKMARK [0][-]{chapter.107}{\376\377\000G\000a\000n\000g\000l\000i\000o\000n\000\040\000C\000y\000s\000t}{}% 347
\BOOKMARK [1][-]{section.107.1}{\376\377\000D\000e\000f\000i\000n\000i\000t\000i\000o\000n}{chapter.107}% 348
\BOOKMARK [1][-]{section.107.2}{\376\377\000P\000a\000t\000h\000o\000p\000h\000y\000s\000i\000o\000l\000o\000g\000y}{chapter.107}% 349
\BOOKMARK [1][-]{section.107.3}{\376\377\000E\000t\000i\000o\000l\000o\000g\000y}{chapter.107}% 350
\BOOKMARK [1][-]{section.107.4}{\376\377\000I\000n\000d\000i\000c\000a\000t\000i\000o\000n\000s\000\040\000f\000o\000r\000\040\000E\000v\000a\000l\000u\000a\000t\000i\000o\000n}{chapter.107}% 351
\BOOKMARK [1][-]{section.107.5}{\376\377\000R\000e\000l\000a\000t\000e\000d\000\040\000S\000y\000m\000p\000t\000o\000m\000s}{chapter.107}% 352
\BOOKMARK [1][-]{section.107.6}{\376\377\000S\000e\000l\000f\000-\000C\000a\000r\000e\000/\000H\000o\000m\000e\000\040\000M\000a\000n\000a\000g\000e\000m\000e\000n\000t}{chapter.107}% 353
\BOOKMARK [1][-]{section.107.7}{\376\377\000D\000i\000a\000g\000n\000o\000s\000t\000i\000c\000\040\000A\000p\000p\000r\000o\000a\000c\000h}{chapter.107}% 354
\BOOKMARK [1][-]{section.107.8}{\376\377\000T\000r\000e\000a\000t\000m\000e\000n\000t\000/\000M\000a\000n\000a\000g\000e\000m\000e\000n\000t\000\040\000O\000v\000e\000r\000v\000i\000e\000w}{chapter.107}% 355
\BOOKMARK [0][-]{chapter.108}{\376\377\000G\000r\000e\000e\000n\000\040\000S\000t\000o\000o\000l}{}% 356
\BOOKMARK [0][-]{chapter.109}{\376\377\000G\000r\000o\000i\000n\000\040\000P\000a\000i\000n\000\040\000o\000r\000\040\000S\000w\000e\000l\000l\000i\000n\000g}{}% 357
\BOOKMARK [0][-]{chapter.110}{\376\377\000G\000u\000m\000\040\000S\000w\000e\000l\000l\000i\000n\000g}{}% 358
\BOOKMARK [0][-]{chapter.111}{\376\377\000G\000y\000n\000e\000c\000o\000m\000a\000s\000t\000i\000a\000\040\000\050\000E\000n\000l\000a\000r\000g\000e\000d\000\040\000M\000a\000l\000e\000\040\000B\000r\000e\000a\000s\000t\000\040\000T\000i\000s\000s\000u\000e\000\051}{}% 359
\BOOKMARK [1][-]{section.111.1}{\376\377\000D\000e\000f\000i\000n\000i\000t\000i\000o\000n}{chapter.111}% 360
\BOOKMARK [1][-]{section.111.2}{\376\377\000P\000a\000t\000h\000o\000p\000h\000y\000s\000i\000o\000l\000o\000g\000y}{chapter.111}% 361
\BOOKMARK [1][-]{section.111.3}{\376\377\000E\000t\000i\000o\000l\000o\000g\000y}{chapter.111}% 362
\BOOKMARK [1][-]{section.111.4}{\376\377\000I\000n\000d\000i\000c\000a\000t\000i\000o\000n\000s\000\040\000f\000o\000r\000\040\000E\000v\000a\000l\000u\000a\000t\000i\000o\000n}{chapter.111}% 363
\BOOKMARK [1][-]{section.111.5}{\376\377\000R\000e\000l\000a\000t\000e\000d\000\040\000S\000y\000m\000p\000t\000o\000m\000s}{chapter.111}% 364
\BOOKMARK [1][-]{section.111.6}{\376\377\000S\000e\000l\000f\000-\000C\000a\000r\000e\000/\000H\000o\000m\000e\000\040\000M\000a\000n\000a\000g\000e\000m\000e\000n\000t}{chapter.111}% 365
\BOOKMARK [1][-]{section.111.7}{\376\377\000D\000i\000a\000g\000n\000o\000s\000t\000i\000c\000\040\000A\000p\000p\000r\000o\000a\000c\000h}{chapter.111}% 366
\BOOKMARK [1][-]{section.111.8}{\376\377\000T\000r\000e\000a\000t\000m\000e\000n\000t\000/\000M\000a\000n\000a\000g\000e\000m\000e\000n\000t\000\040\000O\000v\000e\000r\000v\000i\000e\000w}{chapter.111}% 367
\BOOKMARK [0][-]{chapter.112}{\376\377\000H\000a\000e\000m\000o\000p\000t\000y\000s\000i\000s\000\040\000\050\000C\000o\000u\000g\000h\000i\000n\000g\000\040\000U\000p\000\040\000B\000l\000o\000o\000d\000\051}{}% 368
\BOOKMARK [0][-]{chapter.113}{\376\377\000H\000a\000i\000r\000\040\000L\000o\000s\000s}{}% 369
\BOOKMARK [0][-]{chapter.114}{\376\377\000H\000a\000l\000l\000u\000c\000i\000n\000a\000t\000i\000o\000n\000s}{}% 370
\BOOKMARK [0][-]{chapter.115}{\376\377\000H\000a\000n\000d\000\040\000T\000r\000e\000m\000o\000r}{}% 371
\BOOKMARK [0][-]{chapter.116}{\376\377\000H\000e\000a\000d\000a\000c\000h\000e}{}% 372
\BOOKMARK [0][-]{chapter.117}{\376\377\000H\000e\000a\000r\000i\000n\000g\000\040\000L\000o\000s\000s}{}% 373
\BOOKMARK [0][-]{chapter.118}{\376\377\000H\000e\000a\000r\000t\000\040\000M\000u\000r\000m\000u\000r}{}% 374
\BOOKMARK [0][-]{chapter.119}{\376\377\000H\000e\000a\000r\000t\000b\000u\000r\000n}{}% 375
\BOOKMARK [0][-]{chapter.120}{\376\377\000H\000e\000a\000t\000\040\000C\000r\000a\000m\000p\000s}{}% 376
\BOOKMARK [1][-]{section.120.1}{\376\377\000D\000e\000f\000i\000n\000i\000t\000i\000o\000n}{chapter.120}% 377
\BOOKMARK [1][-]{section.120.2}{\376\377\000P\000a\000t\000h\000o\000p\000h\000y\000s\000i\000o\000l\000o\000g\000y}{chapter.120}% 378
\BOOKMARK [1][-]{section.120.3}{\376\377\000E\000t\000i\000o\000l\000o\000g\000y}{chapter.120}% 379
\BOOKMARK [1][-]{section.120.4}{\376\377\000I\000n\000d\000i\000c\000a\000t\000i\000o\000n\000s\000\040\000f\000o\000r\000\040\000E\000v\000a\000l\000u\000a\000t\000i\000o\000n}{chapter.120}% 380
\BOOKMARK [1][-]{section.120.5}{\376\377\000R\000e\000l\000a\000t\000e\000d\000\040\000S\000y\000m\000p\000t\000o\000m\000s}{chapter.120}% 381
\BOOKMARK [1][-]{section.120.6}{\376\377\000S\000e\000l\000f\000-\000C\000a\000r\000e\000/\000H\000o\000m\000e\000\040\000M\000a\000n\000a\000g\000e\000m\000e\000n\000t}{chapter.120}% 382
\BOOKMARK [1][-]{section.120.7}{\376\377\000D\000i\000a\000g\000n\000o\000s\000t\000i\000c\000\040\000A\000p\000p\000r\000o\000a\000c\000h}{chapter.120}% 383
\BOOKMARK [1][-]{section.120.8}{\376\377\000T\000r\000e\000a\000t\000m\000e\000n\000t\000/\000M\000a\000n\000a\000g\000e\000m\000e\000n\000t\000\040\000O\000v\000e\000r\000v\000i\000e\000w}{chapter.120}% 384
\BOOKMARK [0][-]{chapter.121}{\376\377\000H\000e\000a\000t\000\040\000E\000x\000h\000a\000u\000s\000t\000i\000o\000n}{}% 385
\BOOKMARK [1][-]{section.121.1}{\376\377\000D\000e\000f\000i\000n\000i\000t\000i\000o\000n}{chapter.121}% 386
\BOOKMARK [1][-]{section.121.2}{\376\377\000P\000a\000t\000h\000o\000p\000h\000y\000s\000i\000o\000l\000o\000g\000y}{chapter.121}% 387
\BOOKMARK [1][-]{section.121.3}{\376\377\000E\000t\000i\000o\000l\000o\000g\000y}{chapter.121}% 388
\BOOKMARK [1][-]{section.121.4}{\376\377\000I\000n\000d\000i\000c\000a\000t\000i\000o\000n\000s\000\040\000f\000o\000r\000\040\000E\000v\000a\000l\000u\000a\000t\000i\000o\000n}{chapter.121}% 389
\BOOKMARK [1][-]{section.121.5}{\376\377\000R\000e\000l\000a\000t\000e\000d\000\040\000S\000y\000m\000p\000t\000o\000m\000s}{chapter.121}% 390
\BOOKMARK [1][-]{section.121.6}{\376\377\000S\000e\000l\000f\000-\000C\000a\000r\000e\000/\000H\000o\000m\000e\000\040\000M\000a\000n\000a\000g\000e\000m\000e\000n\000t}{chapter.121}% 391
\BOOKMARK [1][-]{section.121.7}{\376\377\000D\000i\000a\000g\000n\000o\000s\000t\000i\000c\000\040\000A\000p\000p\000r\000o\000a\000c\000h}{chapter.121}% 392
\BOOKMARK [1][-]{section.121.8}{\376\377\000T\000r\000e\000a\000t\000m\000e\000n\000t\000/\000M\000a\000n\000a\000g\000e\000m\000e\000n\000t\000\040\000O\000v\000e\000r\000v\000i\000e\000w}{chapter.121}% 393
\BOOKMARK [0][-]{chapter.122}{\376\377\000H\000e\000a\000t\000\040\000R\000a\000s\000h\000\040\000\050\000M\000i\000l\000i\000a\000r\000i\000a\000\051}{}% 394
\BOOKMARK [0][-]{chapter.123}{\376\377\000H\000e\000a\000t\000\040\000S\000t\000r\000o\000k\000e}{}% 395
\BOOKMARK [1][-]{section.123.1}{\376\377\000D\000e\000f\000i\000n\000i\000t\000i\000o\000n}{chapter.123}% 396
\BOOKMARK [1][-]{section.123.2}{\376\377\000P\000a\000t\000h\000o\000p\000h\000y\000s\000i\000o\000l\000o\000g\000y}{chapter.123}% 397
\BOOKMARK [1][-]{section.123.3}{\376\377\000E\000t\000i\000o\000l\000o\000g\000y}{chapter.123}% 398
\BOOKMARK [1][-]{section.123.4}{\376\377\000I\000n\000d\000i\000c\000a\000t\000i\000o\000n\000s\000\040\000f\000o\000r\000\040\000E\000v\000a\000l\000u\000a\000t\000i\000o\000n}{chapter.123}% 399
\BOOKMARK [1][-]{section.123.5}{\376\377\000R\000e\000l\000a\000t\000e\000d\000\040\000S\000y\000m\000p\000t\000o\000m\000s}{chapter.123}% 400
\BOOKMARK [1][-]{section.123.6}{\376\377\000S\000e\000l\000f\000-\000C\000a\000r\000e\000/\000H\000o\000m\000e\000\040\000M\000a\000n\000a\000g\000e\000m\000e\000n\000t}{chapter.123}% 401
\BOOKMARK [1][-]{section.123.7}{\376\377\000D\000i\000a\000g\000n\000o\000s\000t\000i\000c\000\040\000A\000p\000p\000r\000o\000a\000c\000h}{chapter.123}% 402
\BOOKMARK [1][-]{section.123.8}{\376\377\000T\000r\000e\000a\000t\000m\000e\000n\000t\000/\000M\000a\000n\000a\000g\000e\000m\000e\000n\000t\000\040\000O\000v\000e\000r\000v\000i\000e\000w}{chapter.123}% 403
\BOOKMARK [0][-]{chapter.124}{\376\377\000H\000e\000a\000v\000y\000\040\000P\000e\000r\000i\000o\000d\000s\000\040\000\050\000M\000e\000n\000o\000r\000r\000h\000a\000g\000i\000a\000\051}{}% 404
\BOOKMARK [0][-]{chapter.125}{\376\377\000H\000e\000e\000l\000\040\000P\000a\000i\000n}{}% 405
\BOOKMARK [0][-]{chapter.126}{\376\377\000H\000e\000m\000a\000t\000o\000m\000a}{}% 406
\BOOKMARK [1][-]{section.126.1}{\376\377\000D\000e\000f\000i\000n\000i\000t\000i\000o\000n}{chapter.126}% 407
\BOOKMARK [1][-]{section.126.2}{\376\377\000P\000a\000t\000h\000o\000p\000h\000y\000s\000i\000o\000l\000o\000g\000y}{chapter.126}% 408
\BOOKMARK [1][-]{section.126.3}{\376\377\000E\000t\000i\000o\000l\000o\000g\000y}{chapter.126}% 409
\BOOKMARK [1][-]{section.126.4}{\376\377\000I\000n\000d\000i\000c\000a\000t\000i\000o\000n\000s\000\040\000f\000o\000r\000\040\000E\000v\000a\000l\000u\000a\000t\000i\000o\000n}{chapter.126}% 410
\BOOKMARK [1][-]{section.126.5}{\376\377\000R\000e\000l\000a\000t\000e\000d\000\040\000S\000y\000m\000p\000t\000o\000m\000s}{chapter.126}% 411
\BOOKMARK [1][-]{section.126.6}{\376\377\000S\000e\000l\000f\000-\000C\000a\000r\000e\000/\000H\000o\000m\000e\000\040\000M\000a\000n\000a\000g\000e\000m\000e\000n\000t}{chapter.126}% 412
\BOOKMARK [1][-]{section.126.7}{\376\377\000D\000i\000a\000g\000n\000o\000s\000t\000i\000c\000\040\000A\000p\000p\000r\000o\000a\000c\000h}{chapter.126}% 413
\BOOKMARK [1][-]{section.126.8}{\376\377\000T\000r\000e\000a\000t\000m\000e\000n\000t\000/\000M\000a\000n\000a\000g\000e\000m\000e\000n\000t\000\040\000O\000v\000e\000r\000v\000i\000e\000w}{chapter.126}% 414
\BOOKMARK [0][-]{chapter.127}{\376\377\000H\000e\000m\000a\000t\000u\000r\000i\000a}{}% 415
\BOOKMARK [0][-]{chapter.128}{\376\377\000H\000i\000c\000c\000u\000p\000s\000\040\000\050\000S\000i\000n\000g\000u\000l\000t\000u\000s\000\051}{}% 416
\BOOKMARK [0][-]{chapter.129}{\376\377\000H\000i\000p\000\040\000P\000a\000i\000n}{}% 417
\BOOKMARK [0][-]{chapter.130}{\376\377\000H\000i\000v\000e\000s\000\040\000a\000n\000d\000\040\000A\000n\000g\000i\000o\000e\000d\000e\000m\000a\000\040\000\050\000U\000r\000t\000i\000c\000a\000r\000i\000a\000\051}{}% 418
\BOOKMARK [1][-]{section.130.1}{\376\377\000D\000e\000f\000i\000n\000i\000t\000i\000o\000n}{chapter.130}% 419
\BOOKMARK [1][-]{section.130.2}{\376\377\000P\000a\000t\000h\000o\000p\000h\000y\000s\000i\000o\000l\000o\000g\000y}{chapter.130}% 420
\BOOKMARK [1][-]{section.130.3}{\376\377\000E\000t\000i\000o\000l\000o\000g\000y}{chapter.130}% 421
\BOOKMARK [1][-]{section.130.4}{\376\377\000I\000n\000d\000i\000c\000a\000t\000i\000o\000n\000s\000\040\000f\000o\000r\000\040\000E\000v\000a\000l\000u\000a\000t\000i\000o\000n}{chapter.130}% 422
\BOOKMARK [1][-]{section.130.5}{\376\377\000R\000e\000l\000a\000t\000e\000d\000\040\000S\000y\000m\000p\000t\000o\000m\000s}{chapter.130}% 423
\BOOKMARK [1][-]{section.130.6}{\376\377\000S\000e\000l\000f\000-\000C\000a\000r\000e\000/\000H\000o\000m\000e\000\040\000M\000a\000n\000a\000g\000e\000m\000e\000n\000t}{chapter.130}% 424
\BOOKMARK [1][-]{section.130.7}{\376\377\000D\000i\000a\000g\000n\000o\000s\000t\000i\000c\000\040\000A\000p\000p\000r\000o\000a\000c\000h}{chapter.130}% 425
\BOOKMARK [1][-]{section.130.8}{\376\377\000T\000r\000e\000a\000t\000m\000e\000n\000t\000/\000M\000a\000n\000a\000g\000e\000m\000e\000n\000t\000\040\000O\000v\000e\000r\000v\000i\000e\000w}{chapter.130}% 426
\BOOKMARK [0][-]{chapter.131}{\376\377\000H\000o\000a\000r\000s\000e\000n\000e\000s\000s}{}% 427
\BOOKMARK [0][-]{chapter.132}{\376\377\000H\000o\000t\000\040\000F\000l\000u\000s\000h\000e\000s\000\040\000\050\000H\000o\000t\000\040\000F\000l\000a\000s\000h\000e\000s\000\051}{}% 428
\BOOKMARK [0][-]{chapter.133}{\376\377\000H\000y\000p\000e\000r\000h\000i\000d\000r\000o\000s\000i\000s\000\040\000\050\000E\000x\000c\000e\000s\000s\000i\000v\000e\000\040\000S\000w\000e\000a\000t\000i\000n\000g\000\051}{}% 429
\BOOKMARK [1][-]{section.133.1}{\376\377\000D\000e\000f\000i\000n\000i\000t\000i\000o\000n}{chapter.133}% 430
\BOOKMARK [1][-]{section.133.2}{\376\377\000P\000a\000t\000h\000o\000p\000h\000y\000s\000i\000o\000l\000o\000g\000y}{chapter.133}% 431
\BOOKMARK [1][-]{section.133.3}{\376\377\000E\000t\000i\000o\000l\000o\000g\000y}{chapter.133}% 432
\BOOKMARK [1][-]{section.133.4}{\376\377\000I\000n\000d\000i\000c\000a\000t\000i\000o\000n\000s\000\040\000f\000o\000r\000\040\000E\000v\000a\000l\000u\000a\000t\000i\000o\000n}{chapter.133}% 433
\BOOKMARK [1][-]{section.133.5}{\376\377\000R\000e\000l\000a\000t\000e\000d\000\040\000S\000y\000m\000p\000t\000o\000m\000s}{chapter.133}% 434
\BOOKMARK [1][-]{section.133.6}{\376\377\000S\000e\000l\000f\000-\000C\000a\000r\000e\000/\000H\000o\000m\000e\000\040\000M\000a\000n\000a\000g\000e\000m\000e\000n\000t}{chapter.133}% 435
\BOOKMARK [1][-]{section.133.7}{\376\377\000D\000i\000a\000g\000n\000o\000s\000t\000i\000c\000\040\000A\000p\000p\000r\000o\000a\000c\000h}{chapter.133}% 436
\BOOKMARK [1][-]{section.133.8}{\376\377\000T\000r\000e\000a\000t\000m\000e\000n\000t\000/\000M\000a\000n\000a\000g\000e\000m\000e\000n\000t\000\040\000O\000v\000e\000r\000v\000i\000e\000w}{chapter.133}% 437
\BOOKMARK [0][-]{chapter.134}{\376\377\000H\000y\000p\000e\000r\000v\000e\000n\000t\000i\000l\000a\000t\000i\000o\000n}{}% 438
\BOOKMARK [1][-]{section.134.1}{\376\377\000D\000e\000f\000i\000n\000i\000t\000i\000o\000n}{chapter.134}% 439
\BOOKMARK [1][-]{section.134.2}{\376\377\000P\000a\000t\000h\000o\000p\000h\000y\000s\000i\000o\000l\000o\000g\000y}{chapter.134}% 440
\BOOKMARK [1][-]{section.134.3}{\376\377\000E\000t\000i\000o\000l\000o\000g\000y}{chapter.134}% 441
\BOOKMARK [1][-]{section.134.4}{\376\377\000I\000n\000d\000i\000c\000a\000t\000i\000o\000n\000s\000\040\000f\000o\000r\000\040\000E\000v\000a\000l\000u\000a\000t\000i\000o\000n}{chapter.134}% 442
\BOOKMARK [1][-]{section.134.5}{\376\377\000R\000e\000l\000a\000t\000e\000d\000\040\000S\000y\000m\000p\000t\000o\000m\000s}{chapter.134}% 443
\BOOKMARK [1][-]{section.134.6}{\376\377\000S\000e\000l\000f\000-\000C\000a\000r\000e\000/\000H\000o\000m\000e\000\040\000M\000a\000n\000a\000g\000e\000m\000e\000n\000t}{chapter.134}% 444
\BOOKMARK [1][-]{section.134.7}{\376\377\000D\000i\000a\000g\000n\000o\000s\000t\000i\000c\000\040\000A\000p\000p\000r\000o\000a\000c\000h}{chapter.134}% 445
\BOOKMARK [1][-]{section.134.8}{\376\377\000T\000r\000e\000a\000t\000m\000e\000n\000t\000/\000M\000a\000n\000a\000g\000e\000m\000e\000n\000t\000\040\000O\000v\000e\000r\000v\000i\000e\000w}{chapter.134}% 446
\BOOKMARK [0][-]{chapter.135}{\376\377\000H\000y\000p\000h\000e\000m\000a\000\040\000\050\000B\000l\000e\000e\000d\000i\000n\000g\000\040\000i\000n\000\040\000t\000h\000e\000\040\000E\000y\000e\000\051}{}% 447
\BOOKMARK [1][-]{section.135.1}{\376\377\000D\000e\000f\000i\000n\000i\000t\000i\000o\000n}{chapter.135}% 448
\BOOKMARK [1][-]{section.135.2}{\376\377\000P\000a\000t\000h\000o\000p\000h\000y\000s\000i\000o\000l\000o\000g\000y}{chapter.135}% 449
\BOOKMARK [1][-]{section.135.3}{\376\377\000E\000t\000i\000o\000l\000o\000g\000y}{chapter.135}% 450
\BOOKMARK [1][-]{section.135.4}{\376\377\000I\000n\000d\000i\000c\000a\000t\000i\000o\000n\000s\000\040\000f\000o\000r\000\040\000E\000v\000a\000l\000u\000a\000t\000i\000o\000n}{chapter.135}% 451
\BOOKMARK [1][-]{section.135.5}{\376\377\000R\000e\000l\000a\000t\000e\000d\000\040\000S\000y\000m\000p\000t\000o\000m\000s}{chapter.135}% 452
\BOOKMARK [1][-]{section.135.6}{\376\377\000S\000e\000l\000f\000-\000C\000a\000r\000e\000/\000H\000o\000m\000e\000\040\000M\000a\000n\000a\000g\000e\000m\000e\000n\000t}{chapter.135}% 453
\BOOKMARK [1][-]{section.135.7}{\376\377\000D\000i\000a\000g\000n\000o\000s\000t\000i\000c\000\040\000A\000p\000p\000r\000o\000a\000c\000h}{chapter.135}% 454
\BOOKMARK [1][-]{section.135.8}{\376\377\000T\000r\000e\000a\000t\000m\000e\000n\000t\000/\000M\000a\000n\000a\000g\000e\000m\000e\000n\000t\000\040\000O\000v\000e\000r\000v\000i\000e\000w}{chapter.135}% 455
\BOOKMARK [0][-]{chapter.136}{\376\377\000H\000y\000p\000o\000t\000h\000e\000r\000m\000i\000a}{}% 456
\BOOKMARK [1][-]{section.136.1}{\376\377\000D\000e\000f\000i\000n\000i\000t\000i\000o\000n}{chapter.136}% 457
\BOOKMARK [1][-]{section.136.2}{\376\377\000P\000a\000t\000h\000o\000p\000h\000y\000s\000i\000o\000l\000o\000g\000y}{chapter.136}% 458
\BOOKMARK [1][-]{section.136.3}{\376\377\000E\000t\000i\000o\000l\000o\000g\000y}{chapter.136}% 459
\BOOKMARK [1][-]{section.136.4}{\376\377\000I\000n\000d\000i\000c\000a\000t\000i\000o\000n\000s\000\040\000f\000o\000r\000\040\000E\000v\000a\000l\000u\000a\000t\000i\000o\000n}{chapter.136}% 460
\BOOKMARK [1][-]{section.136.5}{\376\377\000R\000e\000l\000a\000t\000e\000d\000\040\000S\000y\000m\000p\000t\000o\000m\000s}{chapter.136}% 461
\BOOKMARK [1][-]{section.136.6}{\376\377\000S\000e\000l\000f\000-\000C\000a\000r\000e\000/\000H\000o\000m\000e\000\040\000M\000a\000n\000a\000g\000e\000m\000e\000n\000t}{chapter.136}% 462
\BOOKMARK [1][-]{section.136.7}{\376\377\000D\000i\000a\000g\000n\000o\000s\000t\000i\000c\000\040\000A\000p\000p\000r\000o\000a\000c\000h}{chapter.136}% 463
\BOOKMARK [1][-]{section.136.8}{\376\377\000T\000r\000e\000a\000t\000m\000e\000n\000t\000/\000M\000a\000n\000a\000g\000e\000m\000e\000n\000t\000\040\000O\000v\000e\000r\000v\000i\000e\000w}{chapter.136}% 464
\BOOKMARK [0][-]{chapter.137}{\376\377\000I\000n\000a\000b\000i\000l\000i\000t\000y\000\040\000t\000o\000\040\000U\000r\000i\000n\000a\000t\000e\000\040\000\050\000U\000r\000i\000n\000a\000r\000y\000\040\000R\000e\000t\000e\000n\000t\000i\000o\000n\000\051}{}% 465
\BOOKMARK [1][-]{section.137.1}{\376\377\000D\000e\000f\000i\000n\000i\000t\000i\000o\000n}{chapter.137}% 466
\BOOKMARK [1][-]{section.137.2}{\376\377\000P\000a\000t\000h\000o\000p\000h\000y\000s\000i\000o\000l\000o\000g\000y}{chapter.137}% 467
\BOOKMARK [1][-]{section.137.3}{\376\377\000E\000t\000i\000o\000l\000o\000g\000y}{chapter.137}% 468
\BOOKMARK [1][-]{section.137.4}{\376\377\000I\000n\000d\000i\000c\000a\000t\000i\000o\000n\000s\000\040\000f\000o\000r\000\040\000E\000v\000a\000l\000u\000a\000t\000i\000o\000n}{chapter.137}% 469
\BOOKMARK [1][-]{section.137.5}{\376\377\000R\000e\000l\000a\000t\000e\000d\000\040\000S\000y\000m\000p\000t\000o\000m\000s}{chapter.137}% 470
\BOOKMARK [1][-]{section.137.6}{\376\377\000S\000e\000l\000f\000-\000C\000a\000r\000e\000/\000H\000o\000m\000e\000\040\000M\000a\000n\000a\000g\000e\000m\000e\000n\000t}{chapter.137}% 471
\BOOKMARK [1][-]{section.137.7}{\376\377\000D\000i\000a\000g\000n\000o\000s\000t\000i\000c\000\040\000A\000p\000p\000r\000o\000a\000c\000h}{chapter.137}% 472
\BOOKMARK [1][-]{section.137.8}{\376\377\000T\000r\000e\000a\000t\000m\000e\000n\000t\000/\000M\000a\000n\000a\000g\000e\000m\000e\000n\000t\000\040\000O\000v\000e\000r\000v\000i\000e\000w}{chapter.137}% 473
\BOOKMARK [0][-]{chapter.138}{\376\377\000I\000n\000d\000i\000g\000e\000s\000t\000i\000o\000n\000\040\000\050\000D\000y\000s\000p\000e\000p\000s\000i\000a\000\051}{}% 474
\BOOKMARK [1][-]{section.138.1}{\376\377\000D\000e\000f\000i\000n\000i\000t\000i\000o\000n}{chapter.138}% 475
\BOOKMARK [1][-]{section.138.2}{\376\377\000P\000a\000t\000h\000o\000p\000h\000y\000s\000i\000o\000l\000o\000g\000y}{chapter.138}% 476
\BOOKMARK [1][-]{section.138.3}{\376\377\000E\000t\000i\000o\000l\000o\000g\000y}{chapter.138}% 477
\BOOKMARK [1][-]{section.138.4}{\376\377\000I\000n\000d\000i\000c\000a\000t\000i\000o\000n\000s\000\040\000f\000o\000r\000\040\000E\000v\000a\000l\000u\000a\000t\000i\000o\000n}{chapter.138}% 478
\BOOKMARK [1][-]{section.138.5}{\376\377\000R\000e\000l\000a\000t\000e\000d\000\040\000S\000y\000m\000p\000t\000o\000m\000s}{chapter.138}% 479
\BOOKMARK [1][-]{section.138.6}{\376\377\000S\000e\000l\000f\000-\000C\000a\000r\000e\000/\000H\000o\000m\000e\000\040\000M\000a\000n\000a\000g\000e\000m\000e\000n\000t}{chapter.138}% 480
\BOOKMARK [1][-]{section.138.7}{\376\377\000D\000i\000a\000g\000n\000o\000s\000t\000i\000c\000\040\000A\000p\000p\000r\000o\000a\000c\000h}{chapter.138}% 481
\BOOKMARK [1][-]{section.138.8}{\376\377\000T\000r\000e\000a\000t\000m\000e\000n\000t\000/\000M\000a\000n\000a\000g\000e\000m\000e\000n\000t\000\040\000O\000v\000e\000r\000v\000i\000e\000w}{chapter.138}% 482
\BOOKMARK [0][-]{chapter.139}{\376\377\000I\000n\000g\000r\000o\000w\000n\000\040\000H\000a\000i\000r\000\040\000\050\000P\000s\000e\000u\000d\000o\000f\000o\000l\000l\000i\000c\000u\000l\000i\000t\000i\000s\000\040\000B\000a\000r\000b\000a\000e\000\051}{}% 483
\BOOKMARK [1][-]{section.139.1}{\376\377\000D\000e\000f\000i\000n\000i\000t\000i\000o\000n}{chapter.139}% 484
\BOOKMARK [1][-]{section.139.2}{\376\377\000P\000a\000t\000h\000o\000p\000h\000y\000s\000i\000o\000l\000o\000g\000y}{chapter.139}% 485
\BOOKMARK [1][-]{section.139.3}{\376\377\000E\000t\000i\000o\000l\000o\000g\000y}{chapter.139}% 486
\BOOKMARK [1][-]{section.139.4}{\376\377\000I\000n\000d\000i\000c\000a\000t\000i\000o\000n\000s\000\040\000f\000o\000r\000\040\000E\000v\000a\000l\000u\000a\000t\000i\000o\000n}{chapter.139}% 487
\BOOKMARK [1][-]{section.139.5}{\376\377\000R\000e\000l\000a\000t\000e\000d\000\040\000S\000y\000m\000p\000t\000o\000m\000s}{chapter.139}% 488
\BOOKMARK [1][-]{section.139.6}{\376\377\000S\000e\000l\000f\000-\000C\000a\000r\000e\000/\000H\000o\000m\000e\000\040\000M\000a\000n\000a\000g\000e\000m\000e\000n\000t}{chapter.139}% 489
\BOOKMARK [1][-]{section.139.7}{\376\377\000D\000i\000a\000g\000n\000o\000s\000t\000i\000c\000\040\000A\000p\000p\000r\000o\000a\000c\000h}{chapter.139}% 490
\BOOKMARK [1][-]{section.139.8}{\376\377\000T\000r\000e\000a\000t\000m\000e\000n\000t\000/\000M\000a\000n\000a\000g\000e\000m\000e\000n\000t\000\040\000O\000v\000e\000r\000v\000i\000e\000w}{chapter.139}% 491
\BOOKMARK [0][-]{chapter.140}{\376\377\000I\000n\000g\000r\000o\000w\000n\000\040\000T\000o\000e\000n\000a\000i\000l\000s\000\040\000\050\000O\000n\000y\000c\000h\000o\000c\000r\000y\000p\000t\000o\000s\000i\000s\000\051}{}% 492
\BOOKMARK [1][-]{section.140.1}{\376\377\000D\000e\000f\000i\000n\000i\000t\000i\000o\000n}{chapter.140}% 493
\BOOKMARK [1][-]{section.140.2}{\376\377\000P\000a\000t\000h\000o\000p\000h\000y\000s\000i\000o\000l\000o\000g\000y}{chapter.140}% 494
\BOOKMARK [1][-]{section.140.3}{\376\377\000E\000t\000i\000o\000l\000o\000g\000y}{chapter.140}% 495
\BOOKMARK [1][-]{section.140.4}{\376\377\000I\000n\000d\000i\000c\000a\000t\000i\000o\000n\000s\000\040\000f\000o\000r\000\040\000E\000v\000a\000l\000u\000a\000t\000i\000o\000n}{chapter.140}% 496
\BOOKMARK [1][-]{section.140.5}{\376\377\000R\000e\000l\000a\000t\000e\000d\000\040\000S\000y\000m\000p\000t\000o\000m\000s}{chapter.140}% 497
\BOOKMARK [1][-]{section.140.6}{\376\377\000S\000e\000l\000f\000-\000C\000a\000r\000e\000/\000H\000o\000m\000e\000\040\000M\000a\000n\000a\000g\000e\000m\000e\000n\000t}{chapter.140}% 498
\BOOKMARK [1][-]{section.140.7}{\376\377\000D\000i\000a\000g\000n\000o\000s\000t\000i\000c\000\040\000A\000p\000p\000r\000o\000a\000c\000h}{chapter.140}% 499
\BOOKMARK [1][-]{section.140.8}{\376\377\000T\000r\000e\000a\000t\000m\000e\000n\000t\000/\000M\000a\000n\000a\000g\000e\000m\000e\000n\000t\000\040\000O\000v\000e\000r\000v\000i\000e\000w}{chapter.140}% 500
\BOOKMARK [0][-]{chapter.141}{\376\377\000I\000n\000s\000e\000c\000t\000\040\000B\000i\000t\000e\000s\000\040\000\050\000A\000r\000t\000h\000r\000o\000p\000o\000d\000\040\000B\000i\000t\000e\000s\000\040\000a\000n\000d\000\040\000S\000t\000i\000n\000g\000s\000\051}{}% 501
\BOOKMARK [1][-]{section.141.1}{\376\377\000D\000e\000f\000i\000n\000i\000t\000i\000o\000n}{chapter.141}% 502
\BOOKMARK [1][-]{section.141.2}{\376\377\000P\000a\000t\000h\000o\000p\000h\000y\000s\000i\000o\000l\000o\000g\000y}{chapter.141}% 503
\BOOKMARK [1][-]{section.141.3}{\376\377\000E\000t\000i\000o\000l\000o\000g\000y}{chapter.141}% 504
\BOOKMARK [1][-]{section.141.4}{\376\377\000I\000n\000d\000i\000c\000a\000t\000i\000o\000n\000s\000\040\000f\000o\000r\000\040\000E\000v\000a\000l\000u\000a\000t\000i\000o\000n}{chapter.141}% 505
\BOOKMARK [1][-]{section.141.5}{\376\377\000R\000e\000l\000a\000t\000e\000d\000\040\000S\000y\000m\000p\000t\000o\000m\000s}{chapter.141}% 506
\BOOKMARK [1][-]{section.141.6}{\376\377\000S\000e\000l\000f\000-\000C\000a\000r\000e\000/\000H\000o\000m\000e\000\040\000M\000a\000n\000a\000g\000e\000m\000e\000n\000t}{chapter.141}% 507
\BOOKMARK [1][-]{section.141.7}{\376\377\000D\000i\000a\000g\000n\000o\000s\000t\000i\000c\000\040\000A\000p\000p\000r\000o\000a\000c\000h}{chapter.141}% 508
\BOOKMARK [1][-]{section.141.8}{\376\377\000T\000r\000e\000a\000t\000m\000e\000n\000t\000/\000M\000a\000n\000a\000g\000e\000m\000e\000n\000t\000\040\000O\000v\000e\000r\000v\000i\000e\000w}{chapter.141}% 509
\BOOKMARK [0][-]{chapter.142}{\376\377\000I\000n\000s\000o\000m\000n\000i\000a}{}% 510
\BOOKMARK [0][-]{chapter.143}{\376\377\000I\000n\000t\000e\000r\000n\000a\000l\000\040\000B\000l\000e\000e\000d\000i\000n\000g}{}% 511
\BOOKMARK [1][-]{section.143.1}{\376\377\000D\000e\000f\000i\000n\000i\000t\000i\000o\000n}{chapter.143}% 512
\BOOKMARK [1][-]{section.143.2}{\376\377\000P\000a\000t\000h\000o\000p\000h\000y\000s\000i\000o\000l\000o\000g\000y}{chapter.143}% 513
\BOOKMARK [1][-]{section.143.3}{\376\377\000E\000t\000i\000o\000l\000o\000g\000y}{chapter.143}% 514
\BOOKMARK [1][-]{section.143.4}{\376\377\000I\000n\000d\000i\000c\000a\000t\000i\000o\000n\000s\000\040\000f\000o\000r\000\040\000E\000v\000a\000l\000u\000a\000t\000i\000o\000n}{chapter.143}% 515
\BOOKMARK [1][-]{section.143.5}{\376\377\000R\000e\000l\000a\000t\000e\000d\000\040\000S\000y\000m\000p\000t\000o\000m\000s}{chapter.143}% 516
\BOOKMARK [1][-]{section.143.6}{\376\377\000S\000e\000l\000f\000-\000C\000a\000r\000e\000/\000H\000o\000m\000e\000\040\000M\000a\000n\000a\000g\000e\000m\000e\000n\000t}{chapter.143}% 517
\BOOKMARK [1][-]{section.143.7}{\376\377\000D\000i\000a\000g\000n\000o\000s\000t\000i\000c\000\040\000A\000p\000p\000r\000o\000a\000c\000h}{chapter.143}% 518
\BOOKMARK [1][-]{section.143.8}{\376\377\000T\000r\000e\000a\000t\000m\000e\000n\000t\000/\000M\000a\000n\000a\000g\000e\000m\000e\000n\000t\000\040\000O\000v\000e\000r\000v\000i\000e\000w}{chapter.143}% 519
\BOOKMARK [0][-]{chapter.144}{\376\377\000I\000r\000r\000e\000g\000u\000l\000a\000r\000\040\000P\000e\000r\000i\000o\000d\000s}{}% 520
\BOOKMARK [0][-]{chapter.145}{\376\377\000I\000r\000r\000i\000t\000a\000b\000i\000l\000i\000t\000y}{}% 521
\BOOKMARK [0][-]{chapter.146}{\376\377\000I\000t\000c\000h\000i\000n\000g\000\040\000P\000r\000u\000r\000i\000t\000u\000s}{}% 522
\BOOKMARK [0][-]{chapter.147}{\376\377\000J\000a\000u\000n\000d\000i\000c\000e}{}% 523
\BOOKMARK [0][-]{chapter.148}{\376\377\000J\000o\000c\000k\000\040\000I\000t\000c\000h\000\040\000\050\000T\000i\000n\000e\000a\000\040\000C\000r\000u\000r\000i\000s\000\051}{}% 524
\BOOKMARK [1][-]{section.148.1}{\376\377\000D\000e\000f\000i\000n\000i\000t\000i\000o\000n}{chapter.148}% 525
\BOOKMARK [1][-]{section.148.2}{\376\377\000P\000a\000t\000h\000o\000p\000h\000y\000s\000i\000o\000l\000o\000g\000y}{chapter.148}% 526
\BOOKMARK [1][-]{section.148.3}{\376\377\000E\000t\000i\000o\000l\000o\000g\000y}{chapter.148}% 527
\BOOKMARK [1][-]{section.148.4}{\376\377\000I\000n\000d\000i\000c\000a\000t\000i\000o\000n\000s\000\040\000f\000o\000r\000\040\000E\000v\000a\000l\000u\000a\000t\000i\000o\000n}{chapter.148}% 528
\BOOKMARK [1][-]{section.148.5}{\376\377\000R\000e\000l\000a\000t\000e\000d\000\040\000S\000y\000m\000p\000t\000o\000m\000s}{chapter.148}% 529
\BOOKMARK [1][-]{section.148.6}{\376\377\000S\000e\000l\000f\000-\000C\000a\000r\000e\000/\000H\000o\000m\000e\000\040\000M\000a\000n\000a\000g\000e\000m\000e\000n\000t}{chapter.148}% 530
\BOOKMARK [1][-]{section.148.7}{\376\377\000D\000i\000a\000g\000n\000o\000s\000t\000i\000c\000\040\000A\000p\000p\000r\000o\000a\000c\000h}{chapter.148}% 531
\BOOKMARK [1][-]{section.148.8}{\376\377\000T\000r\000e\000a\000t\000m\000e\000n\000t\000/\000M\000a\000n\000a\000g\000e\000m\000e\000n\000t\000\040\000O\000v\000e\000r\000v\000i\000e\000w}{chapter.148}% 532
\BOOKMARK [0][-]{chapter.149}{\376\377\000J\000o\000i\000n\000t\000\040\000P\000a\000i\000n}{}% 533
\BOOKMARK [0][-]{chapter.150}{\376\377\000K\000i\000d\000n\000e\000y\000\040\000P\000a\000i\000n}{}% 534
\BOOKMARK [0][-]{chapter.151}{\376\377\000K\000n\000e\000e\000\040\000I\000n\000j\000u\000r\000y}{}% 535
\BOOKMARK [1][-]{section.151.1}{\376\377\000D\000e\000f\000i\000n\000i\000t\000i\000o\000n}{chapter.151}% 536
\BOOKMARK [1][-]{section.151.2}{\376\377\000P\000a\000t\000h\000o\000p\000h\000y\000s\000i\000o\000l\000o\000g\000y}{chapter.151}% 537
\BOOKMARK [1][-]{section.151.3}{\376\377\000E\000t\000i\000o\000l\000o\000g\000y}{chapter.151}% 538
\BOOKMARK [1][-]{section.151.4}{\376\377\000I\000n\000d\000i\000c\000a\000t\000i\000o\000n\000s\000\040\000f\000o\000r\000\040\000E\000v\000a\000l\000u\000a\000t\000i\000o\000n}{chapter.151}% 539
\BOOKMARK [1][-]{section.151.5}{\376\377\000R\000e\000l\000a\000t\000e\000d\000\040\000S\000y\000m\000p\000t\000o\000m\000s}{chapter.151}% 540
\BOOKMARK [1][-]{section.151.6}{\376\377\000S\000e\000l\000f\000-\000C\000a\000r\000e\000/\000H\000o\000m\000e\000\040\000M\000a\000n\000a\000g\000e\000m\000e\000n\000t}{chapter.151}% 541
\BOOKMARK [1][-]{section.151.7}{\376\377\000D\000i\000a\000g\000n\000o\000s\000t\000i\000c\000\040\000A\000p\000p\000r\000o\000a\000c\000h}{chapter.151}% 542
\BOOKMARK [1][-]{section.151.8}{\376\377\000T\000r\000e\000a\000t\000m\000e\000n\000t\000/\000M\000a\000n\000a\000g\000e\000m\000e\000n\000t\000\040\000O\000v\000e\000r\000v\000i\000e\000w}{chapter.151}% 543
\BOOKMARK [0][-]{chapter.152}{\376\377\000K\000n\000e\000e\000\040\000P\000a\000i\000n}{}% 544
\BOOKMARK [0][-]{chapter.153}{\376\377\000L\000a\000b\000i\000a\000\040\000C\000h\000a\000n\000g\000e\000s\000\040\000\050\000A\000t\000r\000o\000p\000h\000y\000\051}{}% 545
\BOOKMARK [0][-]{chapter.154}{\376\377\000L\000a\000b\000o\000r\000\040\000S\000i\000g\000n\000s\000\040\000\050\000S\000i\000g\000n\000s\000\040\000o\000f\000\040\000L\000a\000b\000o\000r\000\051}{}% 546
\BOOKMARK [1][-]{section.154.1}{\376\377\000D\000e\000f\000i\000n\000i\000t\000i\000o\000n}{chapter.154}% 547
\BOOKMARK [1][-]{section.154.2}{\376\377\000P\000a\000t\000h\000o\000p\000h\000y\000s\000i\000o\000l\000o\000g\000y}{chapter.154}% 548
\BOOKMARK [1][-]{section.154.3}{\376\377\000E\000t\000i\000o\000l\000o\000g\000y}{chapter.154}% 549
\BOOKMARK [1][-]{section.154.4}{\376\377\000I\000n\000d\000i\000c\000a\000t\000i\000o\000n\000s\000\040\000f\000o\000r\000\040\000E\000v\000a\000l\000u\000a\000t\000i\000o\000n}{chapter.154}% 550
\BOOKMARK [1][-]{section.154.5}{\376\377\000R\000e\000l\000a\000t\000e\000d\000\040\000S\000y\000m\000p\000t\000o\000m\000s}{chapter.154}% 551
\BOOKMARK [1][-]{section.154.6}{\376\377\000S\000e\000l\000f\000-\000C\000a\000r\000e\000/\000H\000o\000m\000e\000\040\000M\000a\000n\000a\000g\000e\000m\000e\000n\000t}{chapter.154}% 552
\BOOKMARK [1][-]{section.154.7}{\376\377\000D\000i\000a\000g\000n\000o\000s\000t\000i\000c\000\040\000A\000p\000p\000r\000o\000a\000c\000h}{chapter.154}% 553
\BOOKMARK [1][-]{section.154.8}{\376\377\000T\000r\000e\000a\000t\000m\000e\000n\000t\000/\000M\000a\000n\000a\000g\000e\000m\000e\000n\000t\000\040\000O\000v\000e\000r\000v\000i\000e\000w}{chapter.154}% 554
\BOOKMARK [0][-]{chapter.155}{\376\377\000L\000a\000c\000k\000\040\000o\000f\000\040\000M\000o\000t\000i\000v\000a\000t\000i\000o\000n\000\040\000\050\000A\000v\000o\000l\000i\000t\000i\000o\000n\000\051}{}% 555
\BOOKMARK [0][-]{chapter.156}{\376\377\000L\000a\000r\000y\000n\000g\000i\000t\000i\000s}{}% 556
\BOOKMARK [1][-]{section.156.1}{\376\377\000D\000e\000f\000i\000n\000i\000t\000i\000o\000n}{chapter.156}% 557
\BOOKMARK [1][-]{section.156.2}{\376\377\000P\000a\000t\000h\000o\000p\000h\000y\000s\000i\000o\000l\000o\000g\000y}{chapter.156}% 558
\BOOKMARK [1][-]{section.156.3}{\376\377\000E\000t\000i\000o\000l\000o\000g\000y}{chapter.156}% 559
\BOOKMARK [1][-]{section.156.4}{\376\377\000I\000n\000d\000i\000c\000a\000t\000i\000o\000n\000s\000\040\000f\000o\000r\000\040\000E\000v\000a\000l\000u\000a\000t\000i\000o\000n}{chapter.156}% 560
\BOOKMARK [1][-]{section.156.5}{\376\377\000R\000e\000l\000a\000t\000e\000d\000\040\000S\000y\000m\000p\000t\000o\000m\000s}{chapter.156}% 561
\BOOKMARK [1][-]{section.156.6}{\376\377\000S\000e\000l\000f\000-\000C\000a\000r\000e\000/\000H\000o\000m\000e\000\040\000M\000a\000n\000a\000g\000e\000m\000e\000n\000t}{chapter.156}% 562
\BOOKMARK [1][-]{section.156.7}{\376\377\000D\000i\000a\000g\000n\000o\000s\000t\000i\000c\000\040\000A\000p\000p\000r\000o\000a\000c\000h}{chapter.156}% 563
\BOOKMARK [1][-]{section.156.8}{\376\377\000T\000r\000e\000a\000t\000m\000e\000n\000t\000/\000M\000a\000n\000a\000g\000e\000m\000e\000n\000t\000\040\000O\000v\000e\000r\000v\000i\000e\000w}{chapter.156}% 564
\BOOKMARK [0][-]{chapter.157}{\376\377\000L\000e\000g\000\040\000P\000a\000i\000n}{}% 565
\BOOKMARK [0][-]{chapter.158}{\376\377\000L\000o\000s\000s\000\040\000o\000f\000\040\000A\000p\000p\000e\000t\000i\000t\000e}{}% 566
\BOOKMARK [0][-]{chapter.159}{\376\377\000L\000o\000s\000s\000\040\000o\000f\000\040\000B\000o\000n\000e\000\040\000D\000e\000n\000s\000i\000t\000y\000\040\000\050\000O\000s\000t\000e\000o\000p\000e\000n\000i\000a\000/\000O\000s\000t\000e\000o\000p\000o\000r\000o\000s\000i\000s\000\051}{}% 567
\BOOKMARK [0][-]{chapter.160}{\376\377\000L\000o\000s\000s\000\040\000o\000f\000\040\000S\000m\000e\000l\000l\000\040\000\050\000A\000n\000o\000s\000m\000i\000a\000\051}{}% 568
\BOOKMARK [0][-]{chapter.161}{\376\377\000L\000o\000w\000\040\000B\000l\000o\000o\000d\000\040\000S\000u\000g\000a\000r\000\040\000\050\000H\000y\000p\000o\000g\000l\000y\000c\000e\000m\000i\000a\000\051}{}% 569
\BOOKMARK [1][-]{section.161.1}{\376\377\000D\000e\000f\000i\000n\000i\000t\000i\000o\000n}{chapter.161}% 570
\BOOKMARK [1][-]{section.161.2}{\376\377\000P\000a\000t\000h\000o\000p\000h\000y\000s\000i\000o\000l\000o\000g\000y}{chapter.161}% 571
\BOOKMARK [1][-]{section.161.3}{\376\377\000E\000t\000i\000o\000l\000o\000g\000y}{chapter.161}% 572
\BOOKMARK [1][-]{section.161.4}{\376\377\000I\000n\000d\000i\000c\000a\000t\000i\000o\000n\000s\000\040\000f\000o\000r\000\040\000E\000v\000a\000l\000u\000a\000t\000i\000o\000n}{chapter.161}% 573
\BOOKMARK [1][-]{section.161.5}{\376\377\000R\000e\000l\000a\000t\000e\000d\000\040\000S\000y\000m\000p\000t\000o\000m\000s}{chapter.161}% 574
\BOOKMARK [1][-]{section.161.6}{\376\377\000S\000e\000l\000f\000-\000C\000a\000r\000e\000/\000H\000o\000m\000e\000\040\000M\000a\000n\000a\000g\000e\000m\000e\000n\000t}{chapter.161}% 575
\BOOKMARK [1][-]{section.161.7}{\376\377\000D\000i\000a\000g\000n\000o\000s\000t\000i\000c\000\040\000A\000p\000p\000r\000o\000a\000c\000h}{chapter.161}% 576
\BOOKMARK [1][-]{section.161.8}{\376\377\000T\000r\000e\000a\000t\000m\000e\000n\000t\000/\000M\000a\000n\000a\000g\000e\000m\000e\000n\000t\000\040\000O\000v\000e\000r\000v\000i\000e\000w}{chapter.161}% 577
\BOOKMARK [0][-]{chapter.162}{\376\377\000L\000o\000w\000\040\000L\000i\000b\000i\000d\000o\000\040\000\050\000F\000e\000m\000a\000l\000e\000\040\000H\000y\000p\000o\000a\000c\000t\000i\000v\000e\000\040\000S\000e\000x\000u\000a\000l\000\040\000D\000e\000s\000i\000r\000e\000\040\000D\000i\000s\000o\000r\000d\000e\000r\000\051}{}% 578
\BOOKMARK [0][-]{chapter.163}{\376\377\000L\000o\000w\000\040\000S\000e\000l\000f\000-\000E\000s\000t\000e\000e\000m\000\040\000\050\000L\000o\000s\000s\000\040\000o\000f\000\040\000C\000o\000n\000f\000i\000d\000e\000n\000c\000e\000\051}{}% 579
\BOOKMARK [0][-]{chapter.164}{\376\377\000L\000u\000m\000p\000\040\000U\000n\000d\000e\000r\000\040\000A\000r\000m\000p\000i\000t\000\040\000\050\000A\000x\000i\000l\000l\000a\000r\000y\000\040\000M\000a\000s\000s\000\051}{}% 580
\BOOKMARK [0][-]{chapter.165}{\376\377\000L\000y\000m\000p\000h\000e\000d\000e\000m\000a}{}% 581
\BOOKMARK [1][-]{section.165.1}{\376\377\000D\000e\000f\000i\000n\000i\000t\000i\000o\000n}{chapter.165}% 582
\BOOKMARK [1][-]{section.165.2}{\376\377\000P\000a\000t\000h\000o\000p\000h\000y\000s\000i\000o\000l\000o\000g\000y}{chapter.165}% 583
\BOOKMARK [1][-]{section.165.3}{\376\377\000E\000t\000i\000o\000l\000o\000g\000y}{chapter.165}% 584
\BOOKMARK [1][-]{section.165.4}{\376\377\000I\000n\000d\000i\000c\000a\000t\000i\000o\000n\000s\000\040\000f\000o\000r\000\040\000E\000v\000a\000l\000u\000a\000t\000i\000o\000n}{chapter.165}% 585
\BOOKMARK [1][-]{section.165.5}{\376\377\000R\000e\000l\000a\000t\000e\000d\000\040\000S\000y\000m\000p\000t\000o\000m\000s}{chapter.165}% 586
\BOOKMARK [1][-]{section.165.6}{\376\377\000S\000e\000l\000f\000-\000C\000a\000r\000e\000/\000H\000o\000m\000e\000\040\000M\000a\000n\000a\000g\000e\000m\000e\000n\000t}{chapter.165}% 587
\BOOKMARK [1][-]{section.165.7}{\376\377\000D\000i\000a\000g\000n\000o\000s\000t\000i\000c\000\040\000A\000p\000p\000r\000o\000a\000c\000h}{chapter.165}% 588
\BOOKMARK [1][-]{section.165.8}{\376\377\000T\000r\000e\000a\000t\000m\000e\000n\000t\000/\000M\000a\000n\000a\000g\000e\000m\000e\000n\000t\000\040\000O\000v\000e\000r\000v\000i\000e\000w}{chapter.165}% 589
\BOOKMARK [0][-]{chapter.166}{\376\377\000M\000a\000l\000a\000i\000s\000e}{}% 590
\BOOKMARK [0][-]{chapter.167}{\376\377\000M\000e\000m\000o\000r\000y\000\040\000L\000o\000s\000s}{}% 591
\BOOKMARK [0][-]{chapter.168}{\376\377\000M\000e\000n\000s\000t\000r\000u\000a\000l\000\040\000P\000a\000i\000n\000\040\000\050\000D\000y\000s\000m\000e\000n\000o\000r\000r\000h\000e\000a\000\051}{}% 592
\BOOKMARK [1][-]{section.168.1}{\376\377\000D\000e\000f\000i\000n\000i\000t\000i\000o\000n}{chapter.168}% 593
\BOOKMARK [1][-]{section.168.2}{\376\377\000P\000a\000t\000h\000o\000p\000h\000y\000s\000i\000o\000l\000o\000g\000y}{chapter.168}% 594
\BOOKMARK [1][-]{section.168.3}{\376\377\000E\000t\000i\000o\000l\000o\000g\000y}{chapter.168}% 595
\BOOKMARK [1][-]{section.168.4}{\376\377\000I\000n\000d\000i\000c\000a\000t\000i\000o\000n\000s\000\040\000f\000o\000r\000\040\000E\000v\000a\000l\000u\000a\000t\000i\000o\000n}{chapter.168}% 596
\BOOKMARK [1][-]{section.168.5}{\376\377\000R\000e\000l\000a\000t\000e\000d\000\040\000S\000y\000m\000p\000t\000o\000m\000s}{chapter.168}% 597
\BOOKMARK [1][-]{section.168.6}{\376\377\000S\000e\000l\000f\000-\000C\000a\000r\000e\000/\000H\000o\000m\000e\000\040\000M\000a\000n\000a\000g\000e\000m\000e\000n\000t}{chapter.168}% 598
\BOOKMARK [1][-]{section.168.7}{\376\377\000D\000i\000a\000g\000n\000o\000s\000t\000i\000c\000\040\000A\000p\000p\000r\000o\000a\000c\000h}{chapter.168}% 599
\BOOKMARK [1][-]{section.168.8}{\376\377\000T\000r\000e\000a\000t\000m\000e\000n\000t\000/\000M\000a\000n\000a\000g\000e\000m\000e\000n\000t\000\040\000O\000v\000e\000r\000v\000i\000e\000w}{chapter.168}% 600
\BOOKMARK [0][-]{chapter.169}{\376\377\000M\000i\000g\000r\000a\000i\000n\000e}{}% 601
\BOOKMARK [0][-]{chapter.170}{\376\377\000M\000i\000t\000t\000e\000l\000s\000c\000h\000m\000e\000r\000z\000\040\000\050\000O\000v\000u\000l\000a\000t\000i\000o\000n\000\040\000P\000a\000i\000n\000\051}{}% 602
\BOOKMARK [1][-]{section.170.1}{\376\377\000D\000e\000f\000i\000n\000i\000t\000i\000o\000n}{chapter.170}% 603
\BOOKMARK [1][-]{section.170.2}{\376\377\000P\000a\000t\000h\000o\000p\000h\000y\000s\000i\000o\000l\000o\000g\000y}{chapter.170}% 604
\BOOKMARK [1][-]{section.170.3}{\376\377\000E\000t\000i\000o\000l\000o\000g\000y}{chapter.170}% 605
\BOOKMARK [1][-]{section.170.4}{\376\377\000I\000n\000d\000i\000c\000a\000t\000i\000o\000n\000s\000\040\000f\000o\000r\000\040\000E\000v\000a\000l\000u\000a\000t\000i\000o\000n}{chapter.170}% 606
\BOOKMARK [1][-]{section.170.5}{\376\377\000R\000e\000l\000a\000t\000e\000d\000\040\000S\000y\000m\000p\000t\000o\000m\000s}{chapter.170}% 607
\BOOKMARK [1][-]{section.170.6}{\376\377\000S\000e\000l\000f\000-\000C\000a\000r\000e\000/\000H\000o\000m\000e\000\040\000M\000a\000n\000a\000g\000e\000m\000e\000n\000t}{chapter.170}% 608
\BOOKMARK [1][-]{section.170.7}{\376\377\000D\000i\000a\000g\000n\000o\000s\000t\000i\000c\000\040\000A\000p\000p\000r\000o\000a\000c\000h}{chapter.170}% 609
\BOOKMARK [1][-]{section.170.8}{\376\377\000T\000r\000e\000a\000t\000m\000e\000n\000t\000/\000M\000a\000n\000a\000g\000e\000m\000e\000n\000t\000\040\000O\000v\000e\000r\000v\000i\000e\000w}{chapter.170}% 610
\BOOKMARK [0][-]{chapter.171}{\376\377\000M\000o\000o\000d\000\040\000S\000w\000i\000n\000g\000s}{}% 611
\BOOKMARK [0][-]{chapter.172}{\376\377\000M\000o\000r\000n\000i\000n\000g\000\040\000S\000i\000c\000k\000n\000e\000s\000s\000\040\000\050\000N\000a\000u\000s\000e\000a\000\040\000G\000r\000a\000v\000i\000d\000a\000r\000u\000m\000\051}{}% 612
\BOOKMARK [0][-]{chapter.173}{\376\377\000M\000o\000t\000i\000o\000n\000\040\000S\000i\000c\000k\000n\000e\000s\000s}{}% 613
\BOOKMARK [0][-]{chapter.174}{\376\377\000M\000o\000u\000t\000h\000\040\000U\000l\000c\000e\000r\000s\000\040\000\050\000A\000p\000h\000t\000h\000o\000u\000s\000\040\000U\000l\000c\000e\000r\000s\000\051}{}% 614
\BOOKMARK [0][-]{chapter.175}{\376\377\000M\000u\000s\000c\000l\000e\000\040\000C\000r\000a\000m\000p\000s}{}% 615
\BOOKMARK [0][-]{chapter.176}{\376\377\000M\000u\000s\000c\000l\000e\000\040\000P\000a\000i\000n}{}% 616
\BOOKMARK [0][-]{chapter.177}{\376\377\000N\000a\000i\000l\000\040\000I\000n\000j\000u\000r\000i\000e\000s}{}% 617
\BOOKMARK [1][-]{section.177.1}{\376\377\000D\000e\000f\000i\000n\000i\000t\000i\000o\000n}{chapter.177}% 618
\BOOKMARK [1][-]{section.177.2}{\376\377\000P\000a\000t\000h\000o\000p\000h\000y\000s\000i\000o\000l\000o\000g\000y}{chapter.177}% 619
\BOOKMARK [1][-]{section.177.3}{\376\377\000E\000t\000i\000o\000l\000o\000g\000y}{chapter.177}% 620
\BOOKMARK [1][-]{section.177.4}{\376\377\000I\000n\000d\000i\000c\000a\000t\000i\000o\000n\000s\000\040\000f\000o\000r\000\040\000E\000v\000a\000l\000u\000a\000t\000i\000o\000n}{chapter.177}% 621
\BOOKMARK [1][-]{section.177.5}{\376\377\000R\000e\000l\000a\000t\000e\000d\000\040\000S\000y\000m\000p\000t\000o\000m\000s}{chapter.177}% 622
\BOOKMARK [1][-]{section.177.6}{\376\377\000S\000e\000l\000f\000-\000C\000a\000r\000e\000/\000H\000o\000m\000e\000\040\000M\000a\000n\000a\000g\000e\000m\000e\000n\000t}{chapter.177}% 623
\BOOKMARK [1][-]{section.177.7}{\376\377\000D\000i\000a\000g\000n\000o\000s\000t\000i\000c\000\040\000A\000p\000p\000r\000o\000a\000c\000h}{chapter.177}% 624
\BOOKMARK [1][-]{section.177.8}{\376\377\000T\000r\000e\000a\000t\000m\000e\000n\000t\000/\000M\000a\000n\000a\000g\000e\000m\000e\000n\000t\000\040\000O\000v\000e\000r\000v\000i\000e\000w}{chapter.177}% 625
\BOOKMARK [0][-]{chapter.178}{\376\377\000N\000a\000i\000l\000\040\000P\000s\000o\000r\000i\000a\000s\000i\000s}{}% 626
\BOOKMARK [1][-]{section.178.1}{\376\377\000D\000e\000f\000i\000n\000i\000t\000i\000o\000n}{chapter.178}% 627
\BOOKMARK [1][-]{section.178.2}{\376\377\000P\000a\000t\000h\000o\000p\000h\000y\000s\000i\000o\000l\000o\000g\000y}{chapter.178}% 628
\BOOKMARK [1][-]{section.178.3}{\376\377\000E\000t\000i\000o\000l\000o\000g\000y}{chapter.178}% 629
\BOOKMARK [1][-]{section.178.4}{\376\377\000I\000n\000d\000i\000c\000a\000t\000i\000o\000n\000s\000\040\000f\000o\000r\000\040\000E\000v\000a\000l\000u\000a\000t\000i\000o\000n}{chapter.178}% 630
\BOOKMARK [1][-]{section.178.5}{\376\377\000R\000e\000l\000a\000t\000e\000d\000\040\000S\000y\000m\000p\000t\000o\000m\000s}{chapter.178}% 631
\BOOKMARK [1][-]{section.178.6}{\376\377\000S\000e\000l\000f\000-\000C\000a\000r\000e\000/\000H\000o\000m\000e\000\040\000M\000a\000n\000a\000g\000e\000m\000e\000n\000t}{chapter.178}% 632
\BOOKMARK [1][-]{section.178.7}{\376\377\000D\000i\000a\000g\000n\000o\000s\000t\000i\000c\000\040\000A\000p\000p\000r\000o\000a\000c\000h}{chapter.178}% 633
\BOOKMARK [1][-]{section.178.8}{\376\377\000T\000r\000e\000a\000t\000m\000e\000n\000t\000/\000M\000a\000n\000a\000g\000e\000m\000e\000n\000t\000\040\000O\000v\000e\000r\000v\000i\000e\000w}{chapter.178}% 634
\BOOKMARK [0][-]{chapter.179}{\376\377\000N\000a\000r\000c\000o\000l\000e\000p\000s\000y}{}% 635
\BOOKMARK [1][-]{section.179.1}{\376\377\000D\000e\000f\000i\000n\000i\000t\000i\000o\000n}{chapter.179}% 636
\BOOKMARK [1][-]{section.179.2}{\376\377\000P\000a\000t\000h\000o\000p\000h\000y\000s\000i\000o\000l\000o\000g\000y}{chapter.179}% 637
\BOOKMARK [1][-]{section.179.3}{\376\377\000E\000t\000i\000o\000l\000o\000g\000y}{chapter.179}% 638
\BOOKMARK [1][-]{section.179.4}{\376\377\000I\000n\000d\000i\000c\000a\000t\000i\000o\000n\000s\000\040\000f\000o\000r\000\040\000E\000v\000a\000l\000u\000a\000t\000i\000o\000n}{chapter.179}% 639
\BOOKMARK [1][-]{section.179.5}{\376\377\000R\000e\000l\000a\000t\000e\000d\000\040\000S\000y\000m\000p\000t\000o\000m\000s}{chapter.179}% 640
\BOOKMARK [1][-]{section.179.6}{\376\377\000S\000e\000l\000f\000-\000C\000a\000r\000e\000/\000H\000o\000m\000e\000\040\000M\000a\000n\000a\000g\000e\000m\000e\000n\000t}{chapter.179}% 641
\BOOKMARK [1][-]{section.179.7}{\376\377\000D\000i\000a\000g\000n\000o\000s\000t\000i\000c\000\040\000A\000p\000p\000r\000o\000a\000c\000h}{chapter.179}% 642
\BOOKMARK [1][-]{section.179.8}{\376\377\000T\000r\000e\000a\000t\000m\000e\000n\000t\000/\000M\000a\000n\000a\000g\000e\000m\000e\000n\000t\000\040\000O\000v\000e\000r\000v\000i\000e\000w}{chapter.179}% 643
\BOOKMARK [0][-]{chapter.180}{\376\377\000N\000a\000s\000a\000l\000\040\000C\000o\000n\000g\000e\000s\000t\000i\000o\000n\000\040\000\050\000B\000l\000o\000c\000k\000e\000d\000\040\000N\000o\000s\000e\000\051}{}% 644
\BOOKMARK [0][-]{chapter.181}{\376\377\000N\000a\000u\000s\000e\000a}{}% 645
\BOOKMARK [0][-]{chapter.182}{\376\377\000N\000e\000c\000k\000\040\000P\000a\000i\000n}{}% 646
\BOOKMARK [0][-]{chapter.183}{\376\377\000N\000e\000r\000v\000e\000\040\000P\000a\000i\000n\000\040\000\050\000N\000e\000u\000r\000o\000p\000a\000t\000h\000i\000c\000\040\000P\000a\000i\000n\000\051}{}% 647
\BOOKMARK [0][-]{chapter.184}{\376\377\000N\000i\000g\000h\000t\000\040\000S\000w\000e\000a\000t\000s}{}% 648
\BOOKMARK [0][-]{chapter.185}{\376\377\000N\000i\000g\000h\000t\000\040\000T\000e\000r\000r\000o\000r\000s\000\040\000\050\000S\000l\000e\000e\000p\000\040\000T\000e\000r\000r\000o\000r\000s\000\051}{}% 649
\BOOKMARK [1][-]{section.185.1}{\376\377\000D\000e\000f\000i\000n\000i\000t\000i\000o\000n}{chapter.185}% 650
\BOOKMARK [1][-]{section.185.2}{\376\377\000P\000a\000t\000h\000o\000p\000h\000y\000s\000i\000o\000l\000o\000g\000y}{chapter.185}% 651
\BOOKMARK [1][-]{section.185.3}{\376\377\000E\000t\000i\000o\000l\000o\000g\000y}{chapter.185}% 652
\BOOKMARK [1][-]{section.185.4}{\376\377\000I\000n\000d\000i\000c\000a\000t\000i\000o\000n\000s\000\040\000f\000o\000r\000\040\000E\000v\000a\000l\000u\000a\000t\000i\000o\000n}{chapter.185}% 653
\BOOKMARK [1][-]{section.185.5}{\376\377\000R\000e\000l\000a\000t\000e\000d\000\040\000S\000y\000m\000p\000t\000o\000m\000s}{chapter.185}% 654
\BOOKMARK [1][-]{section.185.6}{\376\377\000S\000e\000l\000f\000-\000C\000a\000r\000e\000/\000H\000o\000m\000e\000\040\000M\000a\000n\000a\000g\000e\000m\000e\000n\000t}{chapter.185}% 655
\BOOKMARK [1][-]{section.185.7}{\376\377\000D\000i\000a\000g\000n\000o\000s\000t\000i\000c\000\040\000A\000p\000p\000r\000o\000a\000c\000h}{chapter.185}% 656
\BOOKMARK [1][-]{section.185.8}{\376\377\000T\000r\000e\000a\000t\000m\000e\000n\000t\000/\000M\000a\000n\000a\000g\000e\000m\000e\000n\000t\000\040\000O\000v\000e\000r\000v\000i\000e\000w}{chapter.185}% 657
\BOOKMARK [0][-]{chapter.186}{\376\377\000N\000i\000p\000p\000l\000e\000\040\000D\000i\000s\000c\000h\000a\000r\000g\000e}{}% 658
\BOOKMARK [0][-]{chapter.187}{\376\377\000N\000o\000s\000e\000b\000l\000e\000e\000d\000\040\000\050\000E\000p\000i\000s\000t\000a\000x\000i\000s\000\051}{}% 659
\BOOKMARK [0][-]{chapter.188}{\376\377\000N\000o\000s\000e\000b\000l\000e\000e\000d\000s\000\040\000\050\000E\000p\000i\000s\000t\000a\000x\000i\000s\000\051}{}% 660
\BOOKMARK [1][-]{section.188.1}{\376\377\000D\000e\000f\000i\000n\000i\000t\000i\000o\000n}{chapter.188}% 661
\BOOKMARK [1][-]{section.188.2}{\376\377\000P\000a\000t\000h\000o\000p\000h\000y\000s\000i\000o\000l\000o\000g\000y}{chapter.188}% 662
\BOOKMARK [1][-]{section.188.3}{\376\377\000E\000t\000i\000o\000l\000o\000g\000y}{chapter.188}% 663
\BOOKMARK [1][-]{section.188.4}{\376\377\000I\000n\000d\000i\000c\000a\000t\000i\000o\000n\000s\000\040\000f\000o\000r\000\040\000E\000v\000a\000l\000u\000a\000t\000i\000o\000n}{chapter.188}% 664
\BOOKMARK [1][-]{section.188.5}{\376\377\000R\000e\000l\000a\000t\000e\000d\000\040\000S\000y\000m\000p\000t\000o\000m\000s}{chapter.188}% 665
\BOOKMARK [1][-]{section.188.6}{\376\377\000S\000e\000l\000f\000-\000C\000a\000r\000e\000/\000H\000o\000m\000e\000\040\000M\000a\000n\000a\000g\000e\000m\000e\000n\000t}{chapter.188}% 666
\BOOKMARK [1][-]{section.188.7}{\376\377\000D\000i\000a\000g\000n\000o\000s\000t\000i\000c\000\040\000A\000p\000p\000r\000o\000a\000c\000h}{chapter.188}% 667
\BOOKMARK [1][-]{section.188.8}{\376\377\000T\000r\000e\000a\000t\000m\000e\000n\000t\000/\000M\000a\000n\000a\000g\000e\000m\000e\000n\000t\000\040\000O\000v\000e\000r\000v\000i\000e\000w}{chapter.188}% 668
\BOOKMARK [0][-]{chapter.189}{\376\377\000O\000r\000a\000l\000\040\000T\000h\000r\000u\000s\000h\000\040\000\050\000O\000r\000o\000p\000h\000a\000r\000y\000n\000g\000e\000a\000l\000\040\000C\000a\000n\000d\000i\000d\000i\000a\000s\000i\000s\000\051}{}% 669
\BOOKMARK [0][-]{chapter.190}{\376\377\000O\000v\000e\000r\000a\000c\000t\000i\000v\000e\000\040\000B\000l\000a\000d\000d\000e\000r}{}% 670
\BOOKMARK [1][-]{section.190.1}{\376\377\000D\000e\000f\000i\000n\000i\000t\000i\000o\000n}{chapter.190}% 671
\BOOKMARK [1][-]{section.190.2}{\376\377\000P\000a\000t\000h\000o\000p\000h\000y\000s\000i\000o\000l\000o\000g\000y}{chapter.190}% 672
\BOOKMARK [1][-]{section.190.3}{\376\377\000E\000t\000i\000o\000l\000o\000g\000y}{chapter.190}% 673
\BOOKMARK [1][-]{section.190.4}{\376\377\000I\000n\000d\000i\000c\000a\000t\000i\000o\000n\000s\000\040\000f\000o\000r\000\040\000E\000v\000a\000l\000u\000a\000t\000i\000o\000n}{chapter.190}% 674
\BOOKMARK [1][-]{section.190.5}{\376\377\000R\000e\000l\000a\000t\000e\000d\000\040\000S\000y\000m\000p\000t\000o\000m\000s}{chapter.190}% 675
\BOOKMARK [1][-]{section.190.6}{\376\377\000S\000e\000l\000f\000-\000C\000a\000r\000e\000/\000H\000o\000m\000e\000\040\000M\000a\000n\000a\000g\000e\000m\000e\000n\000t}{chapter.190}% 676
\BOOKMARK [1][-]{section.190.7}{\376\377\000D\000i\000a\000g\000n\000o\000s\000t\000i\000c\000\040\000A\000p\000p\000r\000o\000a\000c\000h}{chapter.190}% 677
\BOOKMARK [1][-]{section.190.8}{\376\377\000T\000r\000e\000a\000t\000m\000e\000n\000t\000/\000M\000a\000n\000a\000g\000e\000m\000e\000n\000t\000\040\000O\000v\000e\000r\000v\000i\000e\000w}{chapter.190}% 678
\BOOKMARK [0][-]{chapter.191}{\376\377\000P\000a\000i\000n}{}% 679
\BOOKMARK [0][-]{chapter.192}{\376\377\000P\000a\000i\000n\000\040\000a\000f\000t\000e\000r\000\040\000S\000u\000r\000g\000e\000r\000y\000\040\000\050\000P\000o\000s\000t\000o\000p\000e\000r\000a\000t\000i\000v\000e\000\040\000P\000a\000i\000n\000\051}{}% 680
\BOOKMARK [1][-]{section.192.1}{\376\377\000D\000e\000f\000i\000n\000i\000t\000i\000o\000n}{chapter.192}% 681
\BOOKMARK [1][-]{section.192.2}{\376\377\000P\000a\000t\000h\000o\000p\000h\000y\000s\000i\000o\000l\000o\000g\000y}{chapter.192}% 682
\BOOKMARK [1][-]{section.192.3}{\376\377\000E\000t\000i\000o\000l\000o\000g\000y}{chapter.192}% 683
\BOOKMARK [1][-]{section.192.4}{\376\377\000I\000n\000d\000i\000c\000a\000t\000i\000o\000n\000s\000\040\000f\000o\000r\000\040\000E\000v\000a\000l\000u\000a\000t\000i\000o\000n}{chapter.192}% 684
\BOOKMARK [1][-]{section.192.5}{\376\377\000R\000e\000l\000a\000t\000e\000d\000\040\000S\000y\000m\000p\000t\000o\000m\000s}{chapter.192}% 685
\BOOKMARK [1][-]{section.192.6}{\376\377\000S\000e\000l\000f\000-\000C\000a\000r\000e\000/\000H\000o\000m\000e\000\040\000M\000a\000n\000a\000g\000e\000m\000e\000n\000t}{chapter.192}% 686
\BOOKMARK [1][-]{section.192.7}{\376\377\000D\000i\000a\000g\000n\000o\000s\000t\000i\000c\000\040\000A\000p\000p\000r\000o\000a\000c\000h}{chapter.192}% 687
\BOOKMARK [1][-]{section.192.8}{\376\377\000T\000r\000e\000a\000t\000m\000e\000n\000t\000/\000M\000a\000n\000a\000g\000e\000m\000e\000n\000t\000\040\000O\000v\000e\000r\000v\000i\000e\000w}{chapter.192}% 688
\BOOKMARK [0][-]{chapter.193}{\376\377\000P\000a\000i\000n\000\040\000d\000u\000r\000i\000n\000g\000\040\000I\000n\000t\000e\000r\000c\000o\000u\000r\000s\000e\000\040\000\050\000D\000y\000s\000p\000a\000r\000e\000u\000n\000i\000a\000\051}{}% 689
\BOOKMARK [1][-]{section.193.1}{\376\377\000D\000e\000f\000i\000n\000i\000t\000i\000o\000n}{chapter.193}% 690
\BOOKMARK [1][-]{section.193.2}{\376\377\000P\000a\000t\000h\000o\000p\000h\000y\000s\000i\000o\000l\000o\000g\000y}{chapter.193}% 691
\BOOKMARK [1][-]{section.193.3}{\376\377\000E\000t\000i\000o\000l\000o\000g\000y}{chapter.193}% 692
\BOOKMARK [1][-]{section.193.4}{\376\377\000I\000n\000d\000i\000c\000a\000t\000i\000o\000n\000s\000\040\000f\000o\000r\000\040\000E\000v\000a\000l\000u\000a\000t\000i\000o\000n}{chapter.193}% 693
\BOOKMARK [1][-]{section.193.5}{\376\377\000R\000e\000l\000a\000t\000e\000d\000\040\000S\000y\000m\000p\000t\000o\000m\000s}{chapter.193}% 694
\BOOKMARK [1][-]{section.193.6}{\376\377\000S\000e\000l\000f\000-\000C\000a\000r\000e\000/\000H\000o\000m\000e\000\040\000M\000a\000n\000a\000g\000e\000m\000e\000n\000t}{chapter.193}% 695
\BOOKMARK [1][-]{section.193.7}{\376\377\000D\000i\000a\000g\000n\000o\000s\000t\000i\000c\000\040\000A\000p\000p\000r\000o\000a\000c\000h}{chapter.193}% 696
\BOOKMARK [1][-]{section.193.8}{\376\377\000T\000r\000e\000a\000t\000m\000e\000n\000t\000/\000M\000a\000n\000a\000g\000e\000m\000e\000n\000t\000\040\000O\000v\000e\000r\000v\000i\000e\000w}{chapter.193}% 697
\BOOKMARK [0][-]{chapter.194}{\376\377\000P\000a\000i\000n\000f\000u\000l\000\040\000S\000e\000x\000\040\000\050\000D\000y\000s\000p\000a\000r\000e\000u\000n\000i\000a\000\051}{}% 698
\BOOKMARK [0][-]{chapter.195}{\376\377\000P\000a\000i\000n\000f\000u\000l\000\040\000U\000r\000i\000n\000a\000t\000i\000o\000n\000\040\000\050\000D\000y\000s\000u\000r\000i\000a\000\051}{}% 699
\BOOKMARK [0][-]{chapter.196}{\376\377\000P\000a\000l\000p\000i\000t\000a\000t\000i\000o\000n\000s}{}% 700
\BOOKMARK [0][-]{chapter.197}{\376\377\000P\000a\000n\000i\000c\000\040\000A\000t\000t\000a\000c\000k\000s}{}% 701
\BOOKMARK [0][-]{chapter.198}{\376\377\000P\000e\000e\000l\000i\000n\000g\000\040\000S\000k\000i\000n}{}% 702
\BOOKMARK [0][-]{chapter.199}{\376\377\000P\000e\000l\000v\000i\000c\000\040\000O\000r\000g\000a\000n\000\040\000P\000r\000o\000l\000a\000p\000s\000e}{}% 703
\BOOKMARK [0][-]{chapter.200}{\376\377\000P\000e\000l\000v\000i\000c\000\040\000P\000a\000i\000n}{}% 704
\BOOKMARK [0][-]{chapter.201}{\376\377\000P\000e\000n\000i\000s\000\040\000I\000r\000r\000i\000t\000a\000t\000i\000o\000n\000\040\000\050\000B\000a\000l\000a\000n\000i\000t\000i\000s\000\051}{}% 705
\BOOKMARK [0][-]{chapter.202}{\376\377\000P\000e\000n\000i\000s\000\040\000S\000w\000e\000l\000l\000i\000n\000g\000\040\000a\000n\000d\000\040\000I\000n\000j\000u\000r\000y}{}% 706
\BOOKMARK [0][-]{chapter.203}{\376\377\000P\000e\000t\000e\000c\000h\000i\000a\000e}{}% 707
\BOOKMARK [0][-]{chapter.204}{\376\377\000P\000i\000n\000c\000h\000e\000d\000\040\000N\000e\000r\000v\000e\000\040\000\050\000N\000e\000r\000v\000e\000\040\000C\000o\000m\000p\000r\000e\000s\000s\000i\000o\000n\000\051}{}% 708
\BOOKMARK [1][-]{section.204.1}{\376\377\000D\000e\000f\000i\000n\000i\000t\000i\000o\000n}{chapter.204}% 709
\BOOKMARK [1][-]{section.204.2}{\376\377\000P\000a\000t\000h\000o\000p\000h\000y\000s\000i\000o\000l\000o\000g\000y}{chapter.204}% 710
\BOOKMARK [1][-]{section.204.3}{\376\377\000E\000t\000i\000o\000l\000o\000g\000y}{chapter.204}% 711
\BOOKMARK [1][-]{section.204.4}{\376\377\000I\000n\000d\000i\000c\000a\000t\000i\000o\000n\000s\000\040\000f\000o\000r\000\040\000E\000v\000a\000l\000u\000a\000t\000i\000o\000n}{chapter.204}% 712
\BOOKMARK [1][-]{section.204.5}{\376\377\000R\000e\000l\000a\000t\000e\000d\000\040\000S\000y\000m\000p\000t\000o\000m\000s}{chapter.204}% 713
\BOOKMARK [1][-]{section.204.6}{\376\377\000S\000e\000l\000f\000-\000C\000a\000r\000e\000/\000H\000o\000m\000e\000\040\000M\000a\000n\000a\000g\000e\000m\000e\000n\000t}{chapter.204}% 714
\BOOKMARK [1][-]{section.204.7}{\376\377\000D\000i\000a\000g\000n\000o\000s\000t\000i\000c\000\040\000A\000p\000p\000r\000o\000a\000c\000h}{chapter.204}% 715
\BOOKMARK [1][-]{section.204.8}{\376\377\000T\000r\000e\000a\000t\000m\000e\000n\000t\000/\000M\000a\000n\000a\000g\000e\000m\000e\000n\000t\000\040\000O\000v\000e\000r\000v\000i\000e\000w}{chapter.204}% 716
\BOOKMARK [0][-]{chapter.205}{\376\377\000P\000l\000e\000u\000r\000i\000s\000y\000\040\000\050\000P\000l\000e\000u\000r\000i\000t\000i\000s\000\051}{}% 717
\BOOKMARK [1][-]{section.205.1}{\376\377\000D\000e\000f\000i\000n\000i\000t\000i\000o\000n}{chapter.205}% 718
\BOOKMARK [1][-]{section.205.2}{\376\377\000P\000a\000t\000h\000o\000p\000h\000y\000s\000i\000o\000l\000o\000g\000y}{chapter.205}% 719
\BOOKMARK [1][-]{section.205.3}{\376\377\000E\000t\000i\000o\000l\000o\000g\000y}{chapter.205}% 720
\BOOKMARK [1][-]{section.205.4}{\376\377\000I\000n\000d\000i\000c\000a\000t\000i\000o\000n\000s\000\040\000f\000o\000r\000\040\000E\000v\000a\000l\000u\000a\000t\000i\000o\000n}{chapter.205}% 721
\BOOKMARK [1][-]{section.205.5}{\376\377\000R\000e\000l\000a\000t\000e\000d\000\040\000S\000y\000m\000p\000t\000o\000m\000s}{chapter.205}% 722
\BOOKMARK [1][-]{section.205.6}{\376\377\000S\000e\000l\000f\000-\000C\000a\000r\000e\000/\000H\000o\000m\000e\000\040\000M\000a\000n\000a\000g\000e\000m\000e\000n\000t}{chapter.205}% 723
\BOOKMARK [1][-]{section.205.7}{\376\377\000D\000i\000a\000g\000n\000o\000s\000t\000i\000c\000\040\000A\000p\000p\000r\000o\000a\000c\000h}{chapter.205}% 724
\BOOKMARK [1][-]{section.205.8}{\376\377\000T\000r\000e\000a\000t\000m\000e\000n\000t\000/\000M\000a\000n\000a\000g\000e\000m\000e\000n\000t\000\040\000O\000v\000e\000r\000v\000i\000e\000w}{chapter.205}% 725
\BOOKMARK [0][-]{chapter.206}{\376\377\000P\000r\000e\000s\000s\000u\000r\000e\000\040\000S\000o\000r\000e\000s\000\040\000\050\000B\000e\000d\000s\000o\000r\000e\000s\000\051}{}% 726
\BOOKMARK [1][-]{section.206.1}{\376\377\000D\000e\000f\000i\000n\000i\000t\000i\000o\000n}{chapter.206}% 727
\BOOKMARK [1][-]{section.206.2}{\376\377\000P\000a\000t\000h\000o\000p\000h\000y\000s\000i\000o\000l\000o\000g\000y}{chapter.206}% 728
\BOOKMARK [1][-]{section.206.3}{\376\377\000E\000t\000i\000o\000l\000o\000g\000y}{chapter.206}% 729
\BOOKMARK [1][-]{section.206.4}{\376\377\000I\000n\000d\000i\000c\000a\000t\000i\000o\000n\000s\000\040\000f\000o\000r\000\040\000E\000v\000a\000l\000u\000a\000t\000i\000o\000n}{chapter.206}% 730
\BOOKMARK [1][-]{section.206.5}{\376\377\000R\000e\000l\000a\000t\000e\000d\000\040\000S\000y\000m\000p\000t\000o\000m\000s}{chapter.206}% 731
\BOOKMARK [1][-]{section.206.6}{\376\377\000S\000e\000l\000f\000-\000C\000a\000r\000e\000/\000H\000o\000m\000e\000\040\000M\000a\000n\000a\000g\000e\000m\000e\000n\000t}{chapter.206}% 732
\BOOKMARK [1][-]{section.206.7}{\376\377\000D\000i\000a\000g\000n\000o\000s\000t\000i\000c\000\040\000A\000p\000p\000r\000o\000a\000c\000h}{chapter.206}% 733
\BOOKMARK [1][-]{section.206.8}{\376\377\000T\000r\000e\000a\000t\000m\000e\000n\000t\000/\000M\000a\000n\000a\000g\000e\000m\000e\000n\000t\000\040\000O\000v\000e\000r\000v\000i\000e\000w}{chapter.206}% 734
\BOOKMARK [0][-]{chapter.207}{\376\377\000R\000a\000s\000h}{}% 735
\BOOKMARK [0][-]{chapter.208}{\376\377\000R\000e\000c\000t\000a\000l\000\040\000B\000l\000e\000e\000d\000i\000n\000g}{}% 736
\BOOKMARK [0][-]{chapter.209}{\376\377\000R\000e\000c\000t\000a\000l\000\040\000P\000a\000i\000n\000\040\000\050\000P\000r\000o\000c\000t\000a\000l\000g\000i\000a\000\051}{}% 737
\BOOKMARK [1][-]{section.209.1}{\376\377\000D\000e\000f\000i\000n\000i\000t\000i\000o\000n}{chapter.209}% 738
\BOOKMARK [1][-]{section.209.2}{\376\377\000P\000a\000t\000h\000o\000p\000h\000y\000s\000i\000o\000l\000o\000g\000y}{chapter.209}% 739
\BOOKMARK [1][-]{section.209.3}{\376\377\000E\000t\000i\000o\000l\000o\000g\000y}{chapter.209}% 740
\BOOKMARK [1][-]{section.209.4}{\376\377\000I\000n\000d\000i\000c\000a\000t\000i\000o\000n\000s\000\040\000f\000o\000r\000\040\000E\000v\000a\000l\000u\000a\000t\000i\000o\000n}{chapter.209}% 741
\BOOKMARK [1][-]{section.209.5}{\376\377\000R\000e\000l\000a\000t\000e\000d\000\040\000S\000y\000m\000p\000t\000o\000m\000s}{chapter.209}% 742
\BOOKMARK [1][-]{section.209.6}{\376\377\000S\000e\000l\000f\000-\000C\000a\000r\000e\000/\000H\000o\000m\000e\000\040\000M\000a\000n\000a\000g\000e\000m\000e\000n\000t}{chapter.209}% 743
\BOOKMARK [1][-]{section.209.7}{\376\377\000D\000i\000a\000g\000n\000o\000s\000t\000i\000c\000\040\000A\000p\000p\000r\000o\000a\000c\000h}{chapter.209}% 744
\BOOKMARK [1][-]{section.209.8}{\376\377\000T\000r\000e\000a\000t\000m\000e\000n\000t\000/\000M\000a\000n\000a\000g\000e\000m\000e\000n\000t\000\040\000O\000v\000e\000r\000v\000i\000e\000w}{chapter.209}% 745
\BOOKMARK [0][-]{chapter.210}{\376\377\000R\000e\000d\000\040\000E\000y\000e}{}% 746
\BOOKMARK [0][-]{chapter.211}{\376\377\000R\000e\000s\000t\000l\000e\000s\000s\000\040\000L\000e\000g\000s\000\040\000S\000y\000n\000d\000r\000o\000m\000e\000\040\000\050\000W\000i\000l\000l\000i\000s\000-\000E\000k\000b\000o\000m\000\040\000D\000i\000s\000e\000a\000s\000e\000\051}{}% 747
\BOOKMARK [0][-]{chapter.212}{\376\377\000R\000u\000n\000n\000y\000\040\000N\000o\000s\000e\000\040\000\050\000R\000h\000i\000n\000o\000r\000r\000h\000e\000a\000\051}{}% 748
\BOOKMARK [0][-]{chapter.213}{\376\377\000S\000c\000a\000b\000i\000e\000s}{}% 749
\BOOKMARK [1][-]{section.213.1}{\376\377\000D\000e\000f\000i\000n\000i\000t\000i\000o\000n}{chapter.213}% 750
\BOOKMARK [1][-]{section.213.2}{\376\377\000P\000a\000t\000h\000o\000p\000h\000y\000s\000i\000o\000l\000o\000g\000y}{chapter.213}% 751
\BOOKMARK [1][-]{section.213.3}{\376\377\000E\000t\000i\000o\000l\000o\000g\000y}{chapter.213}% 752
\BOOKMARK [1][-]{section.213.4}{\376\377\000I\000n\000d\000i\000c\000a\000t\000i\000o\000n\000s\000\040\000f\000o\000r\000\040\000E\000v\000a\000l\000u\000a\000t\000i\000o\000n}{chapter.213}% 753
\BOOKMARK [1][-]{section.213.5}{\376\377\000R\000e\000l\000a\000t\000e\000d\000\040\000S\000y\000m\000p\000t\000o\000m\000s}{chapter.213}% 754
\BOOKMARK [1][-]{section.213.6}{\376\377\000S\000e\000l\000f\000-\000C\000a\000r\000e\000/\000H\000o\000m\000e\000\040\000M\000a\000n\000a\000g\000e\000m\000e\000n\000t}{chapter.213}% 755
\BOOKMARK [1][-]{section.213.7}{\376\377\000D\000i\000a\000g\000n\000o\000s\000t\000i\000c\000\040\000A\000p\000p\000r\000o\000a\000c\000h}{chapter.213}% 756
\BOOKMARK [1][-]{section.213.8}{\376\377\000T\000r\000e\000a\000t\000m\000e\000n\000t\000/\000M\000a\000n\000a\000g\000e\000m\000e\000n\000t\000\040\000O\000v\000e\000r\000v\000i\000e\000w}{chapter.213}% 757
\BOOKMARK [0][-]{chapter.214}{\376\377\000S\000c\000i\000a\000t\000i\000c\000a}{}% 758
\BOOKMARK [0][-]{chapter.215}{\376\377\000S\000e\000i\000z\000u\000r\000e\000s}{}% 759
\BOOKMARK [0][-]{chapter.216}{\376\377\000S\000h\000i\000n\000\040\000S\000p\000l\000i\000n\000t\000s\000\040\000\050\000M\000e\000d\000i\000a\000l\000\040\000T\000i\000b\000i\000a\000l\000\040\000S\000t\000r\000e\000s\000s\000\040\000S\000y\000n\000d\000r\000o\000m\000e\000\051}{}% 760
\BOOKMARK [1][-]{section.216.1}{\376\377\000D\000e\000f\000i\000n\000i\000t\000i\000o\000n}{chapter.216}% 761
\BOOKMARK [1][-]{section.216.2}{\376\377\000P\000a\000t\000h\000o\000p\000h\000y\000s\000i\000o\000l\000o\000g\000y}{chapter.216}% 762
\BOOKMARK [1][-]{section.216.3}{\376\377\000E\000t\000i\000o\000l\000o\000g\000y}{chapter.216}% 763
\BOOKMARK [1][-]{section.216.4}{\376\377\000I\000n\000d\000i\000c\000a\000t\000i\000o\000n\000s\000\040\000f\000o\000r\000\040\000E\000v\000a\000l\000u\000a\000t\000i\000o\000n}{chapter.216}% 764
\BOOKMARK [1][-]{section.216.5}{\376\377\000R\000e\000l\000a\000t\000e\000d\000\040\000S\000y\000m\000p\000t\000o\000m\000s}{chapter.216}% 765
\BOOKMARK [1][-]{section.216.6}{\376\377\000S\000e\000l\000f\000-\000C\000a\000r\000e\000/\000H\000o\000m\000e\000\040\000M\000a\000n\000a\000g\000e\000m\000e\000n\000t}{chapter.216}% 766
\BOOKMARK [1][-]{section.216.7}{\376\377\000D\000i\000a\000g\000n\000o\000s\000t\000i\000c\000\040\000A\000p\000p\000r\000o\000a\000c\000h}{chapter.216}% 767
\BOOKMARK [1][-]{section.216.8}{\376\377\000T\000r\000e\000a\000t\000m\000e\000n\000t\000/\000M\000a\000n\000a\000g\000e\000m\000e\000n\000t\000\040\000O\000v\000e\000r\000v\000i\000e\000w}{chapter.216}% 768
\BOOKMARK [0][-]{chapter.217}{\376\377\000S\000h\000o\000c\000k\000\040\000\050\000H\000e\000m\000o\000d\000y\000n\000a\000m\000i\000c\000\040\000I\000n\000s\000t\000a\000b\000i\000l\000i\000t\000y\000\051}{}% 769
\BOOKMARK [1][-]{section.217.1}{\376\377\000D\000e\000f\000i\000n\000i\000t\000i\000o\000n}{chapter.217}% 770
\BOOKMARK [1][-]{section.217.2}{\376\377\000P\000a\000t\000h\000o\000p\000h\000y\000s\000i\000o\000l\000o\000g\000y}{chapter.217}% 771
\BOOKMARK [1][-]{section.217.3}{\376\377\000E\000t\000i\000o\000l\000o\000g\000y}{chapter.217}% 772
\BOOKMARK [1][-]{section.217.4}{\376\377\000I\000n\000d\000i\000c\000a\000t\000i\000o\000n\000s\000\040\000f\000o\000r\000\040\000E\000v\000a\000l\000u\000a\000t\000i\000o\000n}{chapter.217}% 773
\BOOKMARK [1][-]{section.217.5}{\376\377\000R\000e\000l\000a\000t\000e\000d\000\040\000S\000y\000m\000p\000t\000o\000m\000s}{chapter.217}% 774
\BOOKMARK [1][-]{section.217.6}{\376\377\000S\000e\000l\000f\000-\000C\000a\000r\000e\000/\000H\000o\000m\000e\000\040\000M\000a\000n\000a\000g\000e\000m\000e\000n\000t}{chapter.217}% 775
\BOOKMARK [1][-]{section.217.7}{\376\377\000D\000i\000a\000g\000n\000o\000s\000t\000i\000c\000\040\000A\000p\000p\000r\000o\000a\000c\000h}{chapter.217}% 776
\BOOKMARK [1][-]{section.217.8}{\376\377\000T\000r\000e\000a\000t\000m\000e\000n\000t\000/\000M\000a\000n\000a\000g\000e\000m\000e\000n\000t\000\040\000O\000v\000e\000r\000v\000i\000e\000w}{chapter.217}% 777
\BOOKMARK [0][-]{chapter.218}{\376\377\000S\000h\000o\000r\000t\000n\000e\000s\000s\000\040\000o\000f\000\040\000B\000r\000e\000a\000t\000h}{}% 778
\BOOKMARK [0][-]{chapter.219}{\376\377\000S\000h\000o\000u\000l\000d\000e\000r\000\040\000P\000a\000i\000n}{}% 779
\BOOKMARK [0][-]{chapter.220}{\376\377\000S\000k\000i\000n\000\040\000T\000a\000g\000s\000\040\000\050\000A\000c\000r\000o\000c\000h\000o\000r\000d\000o\000n\000s\000\051}{}% 780
\BOOKMARK [1][-]{section.220.1}{\376\377\000D\000e\000f\000i\000n\000i\000t\000i\000o\000n}{chapter.220}% 781
\BOOKMARK [1][-]{section.220.2}{\376\377\000P\000a\000t\000h\000o\000p\000h\000y\000s\000i\000o\000l\000o\000g\000y}{chapter.220}% 782
\BOOKMARK [1][-]{section.220.3}{\376\377\000E\000t\000i\000o\000l\000o\000g\000y}{chapter.220}% 783
\BOOKMARK [1][-]{section.220.4}{\376\377\000I\000n\000d\000i\000c\000a\000t\000i\000o\000n\000s\000\040\000f\000o\000r\000\040\000E\000v\000a\000l\000u\000a\000t\000i\000o\000n}{chapter.220}% 784
\BOOKMARK [1][-]{section.220.5}{\376\377\000R\000e\000l\000a\000t\000e\000d\000\040\000S\000y\000m\000p\000t\000o\000m\000s}{chapter.220}% 785
\BOOKMARK [1][-]{section.220.6}{\376\377\000S\000e\000l\000f\000-\000C\000a\000r\000e\000/\000H\000o\000m\000e\000\040\000M\000a\000n\000a\000g\000e\000m\000e\000n\000t}{chapter.220}% 786
\BOOKMARK [1][-]{section.220.7}{\376\377\000D\000i\000a\000g\000n\000o\000s\000t\000i\000c\000\040\000A\000p\000p\000r\000o\000a\000c\000h}{chapter.220}% 787
\BOOKMARK [1][-]{section.220.8}{\376\377\000T\000r\000e\000a\000t\000m\000e\000n\000t\000/\000M\000a\000n\000a\000g\000e\000m\000e\000n\000t\000\040\000O\000v\000e\000r\000v\000i\000e\000w}{chapter.220}% 788
\BOOKMARK [0][-]{chapter.221}{\376\377\000S\000n\000e\000e\000z\000i\000n\000g}{}% 789
\BOOKMARK [0][-]{chapter.222}{\376\377\000S\000n\000o\000r\000i\000n\000g}{}% 790
\BOOKMARK [0][-]{chapter.223}{\376\377\000S\000o\000r\000e\000\040\000T\000h\000r\000o\000a\000t}{}% 791
\BOOKMARK [0][-]{chapter.224}{\376\377\000S\000p\000l\000i\000n\000t\000e\000r\000s}{}% 792
\BOOKMARK [1][-]{section.224.1}{\376\377\000D\000e\000f\000i\000n\000i\000t\000i\000o\000n}{chapter.224}% 793
\BOOKMARK [1][-]{section.224.2}{\376\377\000P\000a\000t\000h\000o\000p\000h\000y\000s\000i\000o\000l\000o\000g\000y}{chapter.224}% 794
\BOOKMARK [1][-]{section.224.3}{\376\377\000E\000t\000i\000o\000l\000o\000g\000y}{chapter.224}% 795
\BOOKMARK [1][-]{section.224.4}{\376\377\000I\000n\000d\000i\000c\000a\000t\000i\000o\000n\000s\000\040\000f\000o\000r\000\040\000E\000v\000a\000l\000u\000a\000t\000i\000o\000n}{chapter.224}% 796
\BOOKMARK [1][-]{section.224.5}{\376\377\000R\000e\000l\000a\000t\000e\000d\000\040\000S\000y\000m\000p\000t\000o\000m\000s}{chapter.224}% 797
\BOOKMARK [1][-]{section.224.6}{\376\377\000S\000e\000l\000f\000-\000C\000a\000r\000e\000/\000H\000o\000m\000e\000\040\000M\000a\000n\000a\000g\000e\000m\000e\000n\000t}{chapter.224}% 798
\BOOKMARK [1][-]{section.224.7}{\376\377\000D\000i\000a\000g\000n\000o\000s\000t\000i\000c\000\040\000A\000p\000p\000r\000o\000a\000c\000h}{chapter.224}% 799
\BOOKMARK [1][-]{section.224.8}{\376\377\000T\000r\000e\000a\000t\000m\000e\000n\000t\000/\000M\000a\000n\000a\000g\000e\000m\000e\000n\000t\000\040\000O\000v\000e\000r\000v\000i\000e\000w}{chapter.224}% 800
\BOOKMARK [0][-]{chapter.225}{\376\377\000S\000t\000o\000o\000l\000\040\000C\000o\000l\000o\000r\000\040\000C\000h\000a\000n\000g\000e\000s}{}% 801
\BOOKMARK [1][-]{section.225.1}{\376\377\000D\000e\000f\000i\000n\000i\000t\000i\000o\000n}{chapter.225}% 802
\BOOKMARK [1][-]{section.225.2}{\376\377\000P\000a\000t\000h\000o\000p\000h\000y\000s\000i\000o\000l\000o\000g\000y}{chapter.225}% 803
\BOOKMARK [1][-]{section.225.3}{\376\377\000E\000t\000i\000o\000l\000o\000g\000y}{chapter.225}% 804
\BOOKMARK [1][-]{section.225.4}{\376\377\000I\000n\000d\000i\000c\000a\000t\000i\000o\000n\000s\000\040\000f\000o\000r\000\040\000E\000v\000a\000l\000u\000a\000t\000i\000o\000n}{chapter.225}% 805
\BOOKMARK [1][-]{section.225.5}{\376\377\000R\000e\000l\000a\000t\000e\000d\000\040\000S\000y\000m\000p\000t\000o\000m\000s}{chapter.225}% 806
\BOOKMARK [1][-]{section.225.6}{\376\377\000S\000e\000l\000f\000-\000C\000a\000r\000e\000/\000H\000o\000m\000e\000\040\000M\000a\000n\000a\000g\000e\000m\000e\000n\000t}{chapter.225}% 807
\BOOKMARK [1][-]{section.225.7}{\376\377\000D\000i\000a\000g\000n\000o\000s\000t\000i\000c\000\040\000A\000p\000p\000r\000o\000a\000c\000h}{chapter.225}% 808
\BOOKMARK [1][-]{section.225.8}{\376\377\000T\000r\000e\000a\000t\000m\000e\000n\000t\000/\000M\000a\000n\000a\000g\000e\000m\000e\000n\000t\000\040\000O\000v\000e\000r\000v\000i\000e\000w}{chapter.225}% 809
\BOOKMARK [0][-]{chapter.226}{\376\377\000S\000t\000r\000e\000s\000s\000\040\000H\000e\000a\000l\000t\000h\000\040\000\050\000S\000t\000r\000e\000s\000s\000\040\000M\000a\000n\000a\000g\000e\000m\000e\000n\000t\000\051}{}% 810
\BOOKMARK [1][-]{section.226.1}{\376\377\000D\000e\000f\000i\000n\000i\000t\000i\000o\000n}{chapter.226}% 811
\BOOKMARK [1][-]{section.226.2}{\376\377\000P\000a\000t\000h\000o\000p\000h\000y\000s\000i\000o\000l\000o\000g\000y}{chapter.226}% 812
\BOOKMARK [1][-]{section.226.3}{\376\377\000E\000t\000i\000o\000l\000o\000g\000y}{chapter.226}% 813
\BOOKMARK [1][-]{section.226.4}{\376\377\000I\000n\000d\000i\000c\000a\000t\000i\000o\000n\000s\000\040\000f\000o\000r\000\040\000E\000v\000a\000l\000u\000a\000t\000i\000o\000n}{chapter.226}% 814
\BOOKMARK [1][-]{section.226.5}{\376\377\000R\000e\000l\000a\000t\000e\000d\000\040\000S\000y\000m\000p\000t\000o\000m\000s}{chapter.226}% 815
\BOOKMARK [1][-]{section.226.6}{\376\377\000S\000e\000l\000f\000-\000C\000a\000r\000e\000/\000H\000o\000m\000e\000\040\000M\000a\000n\000a\000g\000e\000m\000e\000n\000t}{chapter.226}% 816
\BOOKMARK [1][-]{section.226.7}{\376\377\000D\000i\000a\000g\000n\000o\000s\000t\000i\000c\000\040\000A\000p\000p\000r\000o\000a\000c\000h}{chapter.226}% 817
\BOOKMARK [1][-]{section.226.8}{\376\377\000T\000r\000e\000a\000t\000m\000e\000n\000t\000/\000M\000a\000n\000a\000g\000e\000m\000e\000n\000t\000\040\000O\000v\000e\000r\000v\000i\000e\000w}{chapter.226}% 818
\BOOKMARK [0][-]{chapter.227}{\376\377\000S\000t\000r\000e\000t\000c\000h\000\040\000M\000a\000r\000k\000s\000\040\000\050\000S\000t\000r\000i\000a\000e\000\040\000D\000i\000s\000t\000e\000n\000s\000a\000e\000\051}{}% 819
\BOOKMARK [1][-]{section.227.1}{\376\377\000D\000e\000f\000i\000n\000i\000t\000i\000o\000n}{chapter.227}% 820
\BOOKMARK [1][-]{section.227.2}{\376\377\000P\000a\000t\000h\000o\000p\000h\000y\000s\000i\000o\000l\000o\000g\000y}{chapter.227}% 821
\BOOKMARK [1][-]{section.227.3}{\376\377\000E\000t\000i\000o\000l\000o\000g\000y}{chapter.227}% 822
\BOOKMARK [1][-]{section.227.4}{\376\377\000I\000n\000d\000i\000c\000a\000t\000i\000o\000n\000s\000\040\000f\000o\000r\000\040\000E\000v\000a\000l\000u\000a\000t\000i\000o\000n}{chapter.227}% 823
\BOOKMARK [1][-]{section.227.5}{\376\377\000R\000e\000l\000a\000t\000e\000d\000\040\000S\000y\000m\000p\000t\000o\000m\000s}{chapter.227}% 824
\BOOKMARK [1][-]{section.227.6}{\376\377\000S\000e\000l\000f\000-\000C\000a\000r\000e\000/\000H\000o\000m\000e\000\040\000M\000a\000n\000a\000g\000e\000m\000e\000n\000t}{chapter.227}% 825
\BOOKMARK [1][-]{section.227.7}{\376\377\000D\000i\000a\000g\000n\000o\000s\000t\000i\000c\000\040\000A\000p\000p\000r\000o\000a\000c\000h}{chapter.227}% 826
\BOOKMARK [1][-]{section.227.8}{\376\377\000T\000r\000e\000a\000t\000m\000e\000n\000t\000/\000M\000a\000n\000a\000g\000e\000m\000e\000n\000t\000\040\000O\000v\000e\000r\000v\000i\000e\000w}{chapter.227}% 827
\BOOKMARK [0][-]{chapter.228}{\376\377\000S\000t\000r\000o\000k\000e}{}% 828
\BOOKMARK [0][-]{chapter.229}{\376\377\000S\000t\000y\000\040\000\050\000H\000o\000r\000d\000e\000o\000l\000u\000m\000\051}{}% 829
\BOOKMARK [1][-]{section.229.1}{\376\377\000D\000e\000f\000i\000n\000i\000t\000i\000o\000n}{chapter.229}% 830
\BOOKMARK [1][-]{section.229.2}{\376\377\000P\000a\000t\000h\000o\000p\000h\000y\000s\000i\000o\000l\000o\000g\000y}{chapter.229}% 831
\BOOKMARK [1][-]{section.229.3}{\376\377\000E\000t\000i\000o\000l\000o\000g\000y}{chapter.229}% 832
\BOOKMARK [1][-]{section.229.4}{\376\377\000I\000n\000d\000i\000c\000a\000t\000i\000o\000n\000s\000\040\000f\000o\000r\000\040\000E\000v\000a\000l\000u\000a\000t\000i\000o\000n}{chapter.229}% 833
\BOOKMARK [1][-]{section.229.5}{\376\377\000R\000e\000l\000a\000t\000e\000d\000\040\000S\000y\000m\000p\000t\000o\000m\000s}{chapter.229}% 834
\BOOKMARK [1][-]{section.229.6}{\376\377\000S\000e\000l\000f\000-\000C\000a\000r\000e\000/\000H\000o\000m\000e\000\040\000M\000a\000n\000a\000g\000e\000m\000e\000n\000t}{chapter.229}% 835
\BOOKMARK [1][-]{section.229.7}{\376\377\000D\000i\000a\000g\000n\000o\000s\000t\000i\000c\000\040\000A\000p\000p\000r\000o\000a\000c\000h}{chapter.229}% 836
\BOOKMARK [1][-]{section.229.8}{\376\377\000T\000r\000e\000a\000t\000m\000e\000n\000t\000/\000M\000a\000n\000a\000g\000e\000m\000e\000n\000t\000\040\000O\000v\000e\000r\000v\000i\000e\000w}{chapter.229}% 837
\BOOKMARK [0][-]{chapter.230}{\376\377\000S\000u\000n\000b\000u\000r\000n}{}% 838
\BOOKMARK [1][-]{section.230.1}{\376\377\000D\000e\000f\000i\000n\000i\000t\000i\000o\000n}{chapter.230}% 839
\BOOKMARK [1][-]{section.230.2}{\376\377\000P\000a\000t\000h\000o\000p\000h\000y\000s\000i\000o\000l\000o\000g\000y}{chapter.230}% 840
\BOOKMARK [1][-]{section.230.3}{\376\377\000E\000t\000i\000o\000l\000o\000g\000y}{chapter.230}% 841
\BOOKMARK [1][-]{section.230.4}{\376\377\000I\000n\000d\000i\000c\000a\000t\000i\000o\000n\000s\000\040\000f\000o\000r\000\040\000E\000v\000a\000l\000u\000a\000t\000i\000o\000n}{chapter.230}% 842
\BOOKMARK [1][-]{section.230.5}{\376\377\000R\000e\000l\000a\000t\000e\000d\000\040\000S\000y\000m\000p\000t\000o\000m\000s}{chapter.230}% 843
\BOOKMARK [1][-]{section.230.6}{\376\377\000S\000e\000l\000f\000-\000C\000a\000r\000e\000/\000H\000o\000m\000e\000\040\000M\000a\000n\000a\000g\000e\000m\000e\000n\000t}{chapter.230}% 844
\BOOKMARK [1][-]{section.230.7}{\376\377\000D\000i\000a\000g\000n\000o\000s\000t\000i\000c\000\040\000A\000p\000p\000r\000o\000a\000c\000h}{chapter.230}% 845
\BOOKMARK [1][-]{section.230.8}{\376\377\000T\000r\000e\000a\000t\000m\000e\000n\000t\000/\000M\000a\000n\000a\000g\000e\000m\000e\000n\000t\000\040\000O\000v\000e\000r\000v\000i\000e\000w}{chapter.230}% 846
\BOOKMARK [0][-]{chapter.231}{\376\377\000S\000w\000e\000l\000l\000i\000n\000g}{}% 847
\BOOKMARK [0][-]{chapter.232}{\376\377\000S\000w\000o\000l\000l\000e\000n\000\040\000o\000r\000\040\000P\000a\000i\000n\000f\000u\000l\000\040\000T\000e\000s\000t\000i\000c\000l\000e}{}% 848
\BOOKMARK [0][-]{chapter.233}{\376\377\000S\000y\000n\000c\000o\000p\000e}{}% 849
\BOOKMARK [0][-]{chapter.234}{\376\377\000T\000a\000c\000h\000y\000c\000a\000r\000d\000i\000a}{}% 850
\BOOKMARK [0][-]{chapter.235}{\376\377\000T\000e\000e\000t\000h\000i\000n\000g}{}% 851
\BOOKMARK [1][-]{section.235.1}{\376\377\000D\000e\000f\000i\000n\000i\000t\000i\000o\000n}{chapter.235}% 852
\BOOKMARK [1][-]{section.235.2}{\376\377\000P\000a\000t\000h\000o\000p\000h\000y\000s\000i\000o\000l\000o\000g\000y}{chapter.235}% 853
\BOOKMARK [1][-]{section.235.3}{\376\377\000E\000t\000i\000o\000l\000o\000g\000y}{chapter.235}% 854
\BOOKMARK [1][-]{section.235.4}{\376\377\000I\000n\000d\000i\000c\000a\000t\000i\000o\000n\000s\000\040\000f\000o\000r\000\040\000E\000v\000a\000l\000u\000a\000t\000i\000o\000n}{chapter.235}% 855
\BOOKMARK [1][-]{section.235.5}{\376\377\000R\000e\000l\000a\000t\000e\000d\000\040\000S\000y\000m\000p\000t\000o\000m\000s}{chapter.235}% 856
\BOOKMARK [1][-]{section.235.6}{\376\377\000S\000e\000l\000f\000-\000C\000a\000r\000e\000/\000H\000o\000m\000e\000\040\000M\000a\000n\000a\000g\000e\000m\000e\000n\000t}{chapter.235}% 857
\BOOKMARK [1][-]{section.235.7}{\376\377\000D\000i\000a\000g\000n\000o\000s\000t\000i\000c\000\040\000A\000p\000p\000r\000o\000a\000c\000h}{chapter.235}% 858
\BOOKMARK [1][-]{section.235.8}{\376\377\000T\000r\000e\000a\000t\000m\000e\000n\000t\000/\000M\000a\000n\000a\000g\000e\000m\000e\000n\000t\000\040\000O\000v\000e\000r\000v\000i\000e\000w}{chapter.235}% 859
\BOOKMARK [0][-]{chapter.236}{\376\377\000T\000e\000s\000t\000i\000c\000u\000l\000a\000r\000\040\000P\000a\000i\000n\000\040\000\050\000O\000r\000c\000h\000a\000l\000g\000i\000a\000\051}{}% 860
\BOOKMARK [1][-]{section.236.1}{\376\377\000D\000e\000f\000i\000n\000i\000t\000i\000o\000n}{chapter.236}% 861
\BOOKMARK [1][-]{section.236.2}{\376\377\000P\000a\000t\000h\000o\000p\000h\000y\000s\000i\000o\000l\000o\000g\000y}{chapter.236}% 862
\BOOKMARK [1][-]{section.236.3}{\376\377\000E\000t\000i\000o\000l\000o\000g\000y}{chapter.236}% 863
\BOOKMARK [1][-]{section.236.4}{\376\377\000I\000n\000d\000i\000c\000a\000t\000i\000o\000n\000s\000\040\000f\000o\000r\000\040\000E\000v\000a\000l\000u\000a\000t\000i\000o\000n}{chapter.236}% 864
\BOOKMARK [1][-]{section.236.5}{\376\377\000R\000e\000l\000a\000t\000e\000d\000\040\000S\000y\000m\000p\000t\000o\000m\000s}{chapter.236}% 865
\BOOKMARK [1][-]{section.236.6}{\376\377\000S\000e\000l\000f\000-\000C\000a\000r\000e\000/\000H\000o\000m\000e\000\040\000M\000a\000n\000a\000g\000e\000m\000e\000n\000t}{chapter.236}% 866
\BOOKMARK [1][-]{section.236.7}{\376\377\000D\000i\000a\000g\000n\000o\000s\000t\000i\000c\000\040\000A\000p\000p\000r\000o\000a\000c\000h}{chapter.236}% 867
\BOOKMARK [1][-]{section.236.8}{\376\377\000T\000r\000e\000a\000t\000m\000e\000n\000t\000/\000M\000a\000n\000a\000g\000e\000m\000e\000n\000t\000\040\000O\000v\000e\000r\000v\000i\000e\000w}{chapter.236}% 868
\BOOKMARK [0][-]{chapter.237}{\376\377\000T\000i\000n\000g\000l\000i\000n\000g\000\040\000N\000u\000m\000b\000n\000e\000s\000s}{}% 869
\BOOKMARK [0][-]{chapter.238}{\376\377\000T\000i\000n\000n\000i\000t\000u\000s\000\040\000\050\000R\000i\000n\000g\000i\000n\000g\000\040\000i\000n\000\040\000t\000h\000e\000\040\000E\000a\000r\000s\000\051}{}% 870
\BOOKMARK [0][-]{chapter.239}{\376\377\000T\000o\000o\000t\000h\000a\000c\000h\000e\000\040\000\050\000D\000e\000n\000t\000a\000l\000\040\000P\000a\000i\000n\000\051}{}% 871
\BOOKMARK [0][-]{chapter.240}{\376\377\000T\000r\000e\000m\000o\000r\000s}{}% 872
\BOOKMARK [1][-]{section.240.1}{\376\377\000D\000e\000f\000i\000n\000i\000t\000i\000o\000n}{chapter.240}% 873
\BOOKMARK [1][-]{section.240.2}{\376\377\000P\000a\000t\000h\000o\000p\000h\000y\000s\000i\000o\000l\000o\000g\000y}{chapter.240}% 874
\BOOKMARK [1][-]{section.240.3}{\376\377\000E\000t\000i\000o\000l\000o\000g\000y}{chapter.240}% 875
\BOOKMARK [1][-]{section.240.4}{\376\377\000I\000n\000d\000i\000c\000a\000t\000i\000o\000n\000s\000\040\000f\000o\000r\000\040\000E\000v\000a\000l\000u\000a\000t\000i\000o\000n}{chapter.240}% 876
\BOOKMARK [1][-]{section.240.5}{\376\377\000R\000e\000l\000a\000t\000e\000d\000\040\000S\000y\000m\000p\000t\000o\000m\000s}{chapter.240}% 877
\BOOKMARK [1][-]{section.240.6}{\376\377\000S\000e\000l\000f\000-\000C\000a\000r\000e\000/\000H\000o\000m\000e\000\040\000M\000a\000n\000a\000g\000e\000m\000e\000n\000t}{chapter.240}% 878
\BOOKMARK [1][-]{section.240.7}{\376\377\000D\000i\000a\000g\000n\000o\000s\000t\000i\000c\000\040\000A\000p\000p\000r\000o\000a\000c\000h}{chapter.240}% 879
\BOOKMARK [1][-]{section.240.8}{\376\377\000T\000r\000e\000a\000t\000m\000e\000n\000t\000/\000M\000a\000n\000a\000g\000e\000m\000e\000n\000t\000\040\000O\000v\000e\000r\000v\000i\000e\000w}{chapter.240}% 880
\BOOKMARK [0][-]{chapter.241}{\376\377\000U\000r\000i\000n\000a\000r\000y\000\040\000F\000r\000e\000q\000u\000e\000n\000c\000y}{}% 881
\BOOKMARK [0][-]{chapter.242}{\376\377\000U\000r\000i\000n\000a\000r\000y\000\040\000I\000n\000c\000o\000n\000t\000i\000n\000e\000n\000c\000e}{}% 882
\BOOKMARK [0][-]{chapter.243}{\376\377\000U\000r\000i\000n\000a\000r\000y\000\040\000R\000e\000t\000e\000n\000t\000i\000o\000n}{}% 883
\BOOKMARK [0][-]{chapter.244}{\376\377\000U\000r\000i\000n\000e\000\040\000O\000d\000o\000r}{}% 884
\BOOKMARK [0][-]{chapter.245}{\376\377\000V\000a\000g\000i\000n\000a\000l\000\040\000B\000l\000e\000e\000d\000i\000n\000g}{}% 885
\BOOKMARK [1][-]{section.245.1}{\376\377\000D\000e\000f\000i\000n\000i\000t\000i\000o\000n}{chapter.245}% 886
\BOOKMARK [1][-]{section.245.2}{\376\377\000P\000a\000t\000h\000o\000p\000h\000y\000s\000i\000o\000l\000o\000g\000y}{chapter.245}% 887
\BOOKMARK [1][-]{section.245.3}{\376\377\000E\000t\000i\000o\000l\000o\000g\000y}{chapter.245}% 888
\BOOKMARK [1][-]{section.245.4}{\376\377\000I\000n\000d\000i\000c\000a\000t\000i\000o\000n\000s\000\040\000f\000o\000r\000\040\000E\000v\000a\000l\000u\000a\000t\000i\000o\000n}{chapter.245}% 889
\BOOKMARK [1][-]{section.245.5}{\376\377\000R\000e\000l\000a\000t\000e\000d\000\040\000S\000y\000m\000p\000t\000o\000m\000s}{chapter.245}% 890
\BOOKMARK [1][-]{section.245.6}{\376\377\000S\000e\000l\000f\000-\000C\000a\000r\000e\000/\000H\000o\000m\000e\000\040\000M\000a\000n\000a\000g\000e\000m\000e\000n\000t}{chapter.245}% 891
\BOOKMARK [1][-]{section.245.7}{\376\377\000D\000i\000a\000g\000n\000o\000s\000t\000i\000c\000\040\000A\000p\000p\000r\000o\000a\000c\000h}{chapter.245}% 892
\BOOKMARK [1][-]{section.245.8}{\376\377\000T\000r\000e\000a\000t\000m\000e\000n\000t\000/\000M\000a\000n\000a\000g\000e\000m\000e\000n\000t\000\040\000O\000v\000e\000r\000v\000i\000e\000w}{chapter.245}% 893
\BOOKMARK [0][-]{chapter.246}{\376\377\000V\000a\000g\000i\000n\000a\000l\000\040\000D\000i\000s\000c\000h\000a\000r\000g\000e}{}% 894
\BOOKMARK [0][-]{chapter.247}{\376\377\000V\000a\000g\000i\000n\000a\000l\000\040\000D\000r\000y\000n\000e\000s\000s}{}% 895
\BOOKMARK [0][-]{chapter.248}{\376\377\000V\000a\000g\000i\000n\000a\000l\000\040\000I\000r\000r\000i\000t\000a\000t\000i\000o\000n\000\040\000a\000n\000d\000\040\000I\000n\000f\000e\000c\000t\000i\000o\000n}{}% 896
\BOOKMARK [0][-]{chapter.249}{\376\377\000V\000a\000g\000i\000n\000a\000l\000\040\000P\000r\000o\000l\000a\000p\000s\000e\000\040\000\050\000P\000e\000l\000v\000i\000c\000\040\000O\000r\000g\000a\000n\000\040\000P\000r\000o\000l\000a\000p\000s\000e\000\051}{}% 897
\BOOKMARK [1][-]{section.249.1}{\376\377\000D\000e\000f\000i\000n\000i\000t\000i\000o\000n}{chapter.249}% 898
\BOOKMARK [1][-]{section.249.2}{\376\377\000P\000a\000t\000h\000o\000p\000h\000y\000s\000i\000o\000l\000o\000g\000y}{chapter.249}% 899
\BOOKMARK [1][-]{section.249.3}{\376\377\000E\000t\000i\000o\000l\000o\000g\000y}{chapter.249}% 900
\BOOKMARK [1][-]{section.249.4}{\376\377\000I\000n\000d\000i\000c\000a\000t\000i\000o\000n\000s\000\040\000f\000o\000r\000\040\000E\000v\000a\000l\000u\000a\000t\000i\000o\000n}{chapter.249}% 901
\BOOKMARK [1][-]{section.249.5}{\376\377\000R\000e\000l\000a\000t\000e\000d\000\040\000S\000y\000m\000p\000t\000o\000m\000s}{chapter.249}% 902
\BOOKMARK [1][-]{section.249.6}{\376\377\000S\000e\000l\000f\000-\000C\000a\000r\000e\000/\000H\000o\000m\000e\000\040\000M\000a\000n\000a\000g\000e\000m\000e\000n\000t}{chapter.249}% 903
\BOOKMARK [1][-]{section.249.7}{\376\377\000D\000i\000a\000g\000n\000o\000s\000t\000i\000c\000\040\000A\000p\000p\000r\000o\000a\000c\000h}{chapter.249}% 904
\BOOKMARK [1][-]{section.249.8}{\376\377\000T\000r\000e\000a\000t\000m\000e\000n\000t\000/\000M\000a\000n\000a\000g\000e\000m\000e\000n\000t\000\040\000O\000v\000e\000r\000v\000i\000e\000w}{chapter.249}% 905
\BOOKMARK [0][-]{chapter.250}{\376\377\000V\000e\000r\000t\000i\000g\000o}{}% 906
\BOOKMARK [0][-]{chapter.251}{\376\377\000V\000i\000s\000i\000o\000n\000\040\000B\000l\000u\000r\000r\000e\000d}{}% 907
\BOOKMARK [0][-]{chapter.252}{\376\377\000V\000o\000m\000i\000t\000i\000n\000g}{}% 908
\BOOKMARK [0][-]{chapter.253}{\376\377\000V\000o\000m\000i\000t\000i\000n\000g\000\040\000a\000n\000d\000\040\000N\000a\000u\000s\000e\000a}{}% 909
\BOOKMARK [1][-]{section.253.1}{\376\377\000D\000e\000f\000i\000n\000i\000t\000i\000o\000n}{chapter.253}% 910
\BOOKMARK [1][-]{section.253.2}{\376\377\000P\000a\000t\000h\000o\000p\000h\000y\000s\000i\000o\000l\000o\000g\000y}{chapter.253}% 911
\BOOKMARK [1][-]{section.253.3}{\376\377\000E\000t\000i\000o\000l\000o\000g\000y}{chapter.253}% 912
\BOOKMARK [1][-]{section.253.4}{\376\377\000I\000n\000d\000i\000c\000a\000t\000i\000o\000n\000s\000\040\000f\000o\000r\000\040\000E\000v\000a\000l\000u\000a\000t\000i\000o\000n}{chapter.253}% 913
\BOOKMARK [1][-]{section.253.5}{\376\377\000R\000e\000l\000a\000t\000e\000d\000\040\000S\000y\000m\000p\000t\000o\000m\000s}{chapter.253}% 914
\BOOKMARK [1][-]{section.253.6}{\376\377\000S\000e\000l\000f\000-\000C\000a\000r\000e\000/\000H\000o\000m\000e\000\040\000M\000a\000n\000a\000g\000e\000m\000e\000n\000t}{chapter.253}% 915
\BOOKMARK [1][-]{section.253.7}{\376\377\000D\000i\000a\000g\000n\000o\000s\000t\000i\000c\000\040\000A\000p\000p\000r\000o\000a\000c\000h}{chapter.253}% 916
\BOOKMARK [1][-]{section.253.8}{\376\377\000T\000r\000e\000a\000t\000m\000e\000n\000t\000/\000M\000a\000n\000a\000g\000e\000m\000e\000n\000t\000\040\000O\000v\000e\000r\000v\000i\000e\000w}{chapter.253}% 917
\BOOKMARK [0][-]{chapter.254}{\376\377\000W\000a\000r\000n\000i\000n\000g\000\040\000S\000i\000g\000n\000s\000\040\000D\000u\000r\000i\000n\000g\000\040\000P\000r\000e\000g\000n\000a\000n\000c\000y}{}% 918
\BOOKMARK [0][-]{chapter.255}{\376\377\000W\000a\000t\000e\000r\000y\000\040\000E\000y\000e\000s\000\040\000\050\000E\000p\000i\000p\000h\000o\000r\000a\000\051}{}% 919
\BOOKMARK [0][-]{chapter.256}{\376\377\000W\000e\000a\000k\000n\000e\000s\000s}{}% 920
\BOOKMARK [0][-]{chapter.257}{\376\377\000W\000e\000i\000g\000h\000t\000\040\000G\000a\000i\000n\000\040\000\050\000M\000e\000n\000o\000p\000a\000u\000s\000a\000l\000\040\000W\000e\000i\000g\000h\000t\000\040\000C\000h\000a\000n\000g\000e\000\051}{}% 921
\BOOKMARK [0][-]{chapter.258}{\376\377\000W\000e\000i\000g\000h\000t\000\040\000L\000o\000s\000s}{}% 922
\BOOKMARK [0][-]{chapter.259}{\376\377\000W\000h\000e\000e\000z\000i\000n\000g}{}% 923
\BOOKMARK [0][-]{chapter.260}{\376\377\000W\000h\000i\000t\000e\000\040\000T\000o\000n\000g\000u\000e}{}% 924
\BOOKMARK [0][-]{chapter.261}{\376\377\000W\000o\000u\000n\000d\000\040\000C\000a\000r\000e\000\040\000\050\000W\000o\000u\000n\000d\000\040\000M\000a\000n\000a\000g\000e\000m\000e\000n\000t\000\051}{}% 925
\BOOKMARK [1][-]{section.261.1}{\376\377\000D\000e\000f\000i\000n\000i\000t\000i\000o\000n}{chapter.261}% 926
\BOOKMARK [1][-]{section.261.2}{\376\377\000P\000a\000t\000h\000o\000p\000h\000y\000s\000i\000o\000l\000o\000g\000y}{chapter.261}% 927
\BOOKMARK [1][-]{section.261.3}{\376\377\000E\000t\000i\000o\000l\000o\000g\000y}{chapter.261}% 928
\BOOKMARK [1][-]{section.261.4}{\376\377\000I\000n\000d\000i\000c\000a\000t\000i\000o\000n\000s\000\040\000f\000o\000r\000\040\000E\000v\000a\000l\000u\000a\000t\000i\000o\000n}{chapter.261}% 929
\BOOKMARK [1][-]{section.261.5}{\376\377\000R\000e\000l\000a\000t\000e\000d\000\040\000S\000y\000m\000p\000t\000o\000m\000s}{chapter.261}% 930
\BOOKMARK [1][-]{section.261.6}{\376\377\000S\000e\000l\000f\000-\000C\000a\000r\000e\000/\000H\000o\000m\000e\000\040\000M\000a\000n\000a\000g\000e\000m\000e\000n\000t}{chapter.261}% 931
\BOOKMARK [1][-]{section.261.7}{\376\377\000D\000i\000a\000g\000n\000o\000s\000t\000i\000c\000\040\000A\000p\000p\000r\000o\000a\000c\000h}{chapter.261}% 932
\BOOKMARK [1][-]{section.261.8}{\376\377\000T\000r\000e\000a\000t\000m\000e\000n\000t\000/\000M\000a\000n\000a\000g\000e\000m\000e\000n\000t\000\040\000O\000v\000e\000r\000v\000i\000e\000w}{chapter.261}% 933
\BOOKMARK [0][-]{chapter.262}{\376\377\000W\000r\000i\000s\000t\000\040\000I\000n\000j\000u\000r\000y}{}% 934
\BOOKMARK [1][-]{section.262.1}{\376\377\000D\000e\000f\000i\000n\000i\000t\000i\000o\000n}{chapter.262}% 935
\BOOKMARK [1][-]{section.262.2}{\376\377\000P\000a\000t\000h\000o\000p\000h\000y\000s\000i\000o\000l\000o\000g\000y}{chapter.262}% 936
\BOOKMARK [1][-]{section.262.3}{\376\377\000E\000t\000i\000o\000l\000o\000g\000y}{chapter.262}% 937
\BOOKMARK [1][-]{section.262.4}{\376\377\000I\000n\000d\000i\000c\000a\000t\000i\000o\000n\000s\000\040\000f\000o\000r\000\040\000E\000v\000a\000l\000u\000a\000t\000i\000o\000n}{chapter.262}% 938
\BOOKMARK [1][-]{section.262.5}{\376\377\000R\000e\000l\000a\000t\000e\000d\000\040\000S\000y\000m\000p\000t\000o\000m\000s}{chapter.262}% 939
\BOOKMARK [1][-]{section.262.6}{\376\377\000S\000e\000l\000f\000-\000C\000a\000r\000e\000/\000H\000o\000m\000e\000\040\000M\000a\000n\000a\000g\000e\000m\000e\000n\000t}{chapter.262}% 940
\BOOKMARK [1][-]{section.262.7}{\376\377\000D\000i\000a\000g\000n\000o\000s\000t\000i\000c\000\040\000A\000p\000p\000r\000o\000a\000c\000h}{chapter.262}% 941
\BOOKMARK [1][-]{section.262.8}{\376\377\000T\000r\000e\000a\000t\000m\000e\000n\000t\000/\000M\000a\000n\000a\000g\000e\000m\000e\000n\000t\000\040\000O\000v\000e\000r\000v\000i\000e\000w}{chapter.262}% 942
\BOOKMARK [0][-]{chapter.263}{\376\377\000W\000r\000i\000s\000t\000\040\000P\000a\000i\000n}{}% 943
\BOOKMARK [0][-]{chapter.264}{\376\377\000Y\000e\000l\000l\000o\000w\000\040\000T\000o\000n\000g\000u\000e}{}% 944
